-0.224773413897281,0.6646525679758308
-0.2199395770392749,0.6646525679758308
-0.21510574018126893,0.6694864048338369
-0.21027190332326284,0.6694864048338369
-0.20543806646525686,0.6694864048338369
-0.20060422960725077,0.6694864048338369
-0.1957703927492448,0.6694864048338369
-0.1909365558912387,0.6694864048338369
-0.18610271903323272,0.6694864048338369
-0.18126888217522663,0.6694864048338369
-0.17643504531722054,0.674320241691843
-0.17160120845921456,0.674320241691843
-0.16676737160120847,0.674320241691843
-0.1619335347432025,0.674320241691843
-0.1570996978851964,0.674320241691843
-0.15226586102719042,0.674320241691843
-0.14743202416918433,0.674320241691843
-0.14259818731117835,0.674320241691843
-0.13776435045317226,0.679154078549849
-0.13293051359516617,0.679154078549849
-0.1280966767371602,0.679154078549849
-0.1232628398791541,0.679154078549849
-0.11842900302114812,0.679154078549849
-0.11359516616314203,0.683987915407855
-0.10876132930513605,0.683987915407855
-0.10392749244712995,0.683987915407855
-0.09909365558912386,0.683987915407855
-0.09425981873111788,0.683987915407855
-0.08942598187311179,0.6888217522658611
-0.08459214501510581,0.6888217522658611
-0.07975830815709972,0.6888217522658611
-0.07492447129909374,0.6888217522658611
-0.07009063444108765,0.6936555891238672
-0.06525679758308156,0.6936555891238672
-0.06042296072507558,0.6936555891238672
-0.05558912386706949,0.6936555891238672
-0.05075528700906351,0.6984894259818731
-0.04592145015105742,0.6984894259818731
-0.04108761329305144,0.6984894259818731
-0.03625377643504535,0.6984894259818731
-0.03141993957703937,0.6984894259818731
-0.026586102719033278,0.7033232628398792
-0.021752265861027187,0.7033232628398792
-0.016918429003021207,0.7033232628398792
-0.012084592145015116,0.7033232628398792
-0.007250755287009136,0.7081570996978852
-0.0024169184290030454,0.7081570996978852
0.0024169184290029344,0.7081570996978852
0.007250755287009025,0.7129909365558913
0.012084592145015005,0.7129909365558913
0.016918429003021096,0.7129909365558913
0.021752265861027187,0.7178247734138974
0.026586102719033167,0.7178247734138974
0.03141993957703926,0.7178247734138974
0.03625377643504524,0.7178247734138974
0.04108761329305133,0.7226586102719034
0.04592145015105731,0.7226586102719034
0.0507552870090634,0.7274924471299093
0.05558912386706949,0.7274924471299093
0.06042296072507547,0.7274924471299093
0.06525679758308156,0.7323262839879154
0.07009063444108754,0.7323262839879154
0.07492447129909363,0.7323262839879154
0.07975830815709961,0.7323262839879154
0.0845921450151057,0.7371601208459215
0.08942598187311179,0.7371601208459215
0.09425981873111777,0.7371601208459215
0.09909365558912386,0.7419939577039275
0.10392749244712984,0.7419939577039275
0.10876132930513593,0.7419939577039275
0.11359516616314191,0.7468277945619336
0.118429003021148,0.7468277945619336
0.12326283987915398,0.7468277945619336
0.12809667673716008,0.7468277945619336
0.13293051359516617,0.7516616314199396
0.13776435045317215,0.7516616314199396
0.14259818731117824,0.7516616314199396
0.14743202416918422,0.7564954682779457
0.1522658610271903,0.7564954682779457
0.1570996978851963,0.7564954682779457
0.16193353474320238,0.7613293051359518
0.16676737160120836,0.7613293051359518
0.17160120845921445,0.7613293051359518
0.17643504531722054,0.7613293051359518
0.18126888217522652,0.7661631419939577
0.1861027190332326,0.7661631419939577
0.1909365558912386,0.7661631419939577
0.19577039274924468,0.7709969788519638
0.20060422960725077,0.7709969788519638
0.20543806646525664,0.7709969788519638
0.21027190332326273,0.7709969788519638
0.21510574018126882,0.7709969788519638
0.2199395770392749,0.7758308157099698
0.224773413897281,0.7758308157099698
0.22960725075528687,0.7758308157099698
0.23444108761329296,0.7758308157099698
0.23927492447129906,0.7806646525679759
0.24410876132930515,0.7806646525679759
0.24894259818731124,0.7806646525679759
0.2537764350453171,0.7806646525679759
0.2586102719033232,0.7806646525679759
0.2634441087613293,0.7854984894259819
0.2682779456193354,0.7854984894259819
0.27311178247734125,0.7854984894259819
0.27794561933534734,0.7854984894259819
0.28277945619335343,0.790332326283988
0.2876132930513595,0.790332326283988
0.2924471299093656,0.790332326283988
0.2972809667673715,0.790332326283988
0.30211480362537757,0.790332326283988
0.30694864048338366,0.790332326283988
0.31178247734138975,0.795166163141994
0.3166163141993956,0.795166163141994
0.3214501510574017,0.795166163141994
0.3262839879154078,0.795166163141994
0.3311178247734139,0.795166163141994
0.33595166163142,0.795166163141994
0.34078549848942585,0.795166163141994
0.34561933534743194,0.795166163141994
0.35045317220543803,0.795166163141994
0.3552870090634441,0.8
0.3601208459214502,0.8
0.3649546827794561,0.8
0.3697885196374622,0.8
0.37462235649546827,0.8
0.37945619335347436,0.8
0.3842900302114802,0.795166163141994
0.3891238670694863,0.795166163141994
0.3939577039274924,0.795166163141994
0.3987915407854985,0.795166163141994
0.4036253776435046,0.795166163141994
0.40845921450151046,0.795166163141994
0.41329305135951655,0.795166163141994
0.41812688821752264,0.795166163141994
0.42296072507552873,0.795166163141994
0.4277945619335346,0.795166163141994
0.4326283987915407,0.795166163141994
0.4374622356495468,0.795166163141994
0.4422960725075529,0.795166163141994
0.44712990936555896,0.795166163141994
0.45196374622356483,0.795166163141994
0.4567975830815709,0.795166163141994
0.461631419939577,0.795166163141994
0.4664652567975831,0.795166163141994
0.471299093655589,0.795166163141994
0.47613293051359507,0.795166163141994
0.48096676737160116,0.790332326283988
0.48580060422960725,0.790332326283988
0.49063444108761334,0.790332326283988
0.4954682779456192,0.790332326283988
0.5003021148036253,0.7854984894259819
0.5051359516616314,0.7854984894259819
0.5099697885196375,0.7806646525679759
0.5148036253776433,0.7806646525679759
0.5196374622356494,0.7806646525679759
0.5244712990936555,0.7758308157099698
0.5293051359516616,0.7758308157099698
0.5341389728096677,0.7709969788519638
0.5389728096676736,0.7709969788519638
0.5438066465256797,0.7661631419939577
0.5486404833836858,0.7661631419939577
0.5534743202416919,0.7613293051359518
0.5583081570996979,0.7613293051359518
0.5631419939577038,0.7564954682779457
0.5679758308157099,0.7564954682779457
0.572809667673716,0.7516616314199396
0.5776435045317221,0.7468277945619336
0.582477341389728,0.7419939577039275
0.582477341389728,0.7371601208459215
0.587311178247734,0.7323262839879154
0.587311178247734,0.7274924471299093
0.587311178247734,0.7226586102719034
0.5921450151057401,0.7178247734138974
0.5921450151057401,0.7129909365558913
0.587311178247734,0.7081570996978852
0.587311178247734,0.7033232628398792
0.587311178247734,0.6984894259818731
0.587311178247734,0.6936555891238672
0.582477341389728,0.6888217522658611
0.582477341389728,0.683987915407855
0.5776435045317221,0.679154078549849
0.572809667673716,0.674320241691843
0.572809667673716,0.6694864048338369
0.5679758308157099,0.6646525679758308
0.5631419939577038,0.6598187311178249
0.5631419939577038,0.6549848942598188
0.5583081570996979,0.6501510574018128
0.5534743202416919,0.6453172205438067
0.5486404833836858,0.6404833836858006
0.5438066465256797,0.6356495468277946
0.5389728096676736,0.6356495468277946
0.5341389728096677,0.6308157099697885
0.5293051359516616,0.6259818731117825
0.5244712990936555,0.6259818731117825
0.5196374622356494,0.6259818731117825
0.5148036253776433,0.6211480362537765
0.5099697885196375,0.6211480362537765
0.5051359516616314,0.6163141993957704
0.5003021148036253,0.6163141993957704
0.4954682779456192,0.6163141993957704
0.49063444108761334,0.6163141993957704
0.48580060422960725,0.6114803625377644
0.48096676737160116,0.6114803625377644
0.47613293051359507,0.6114803625377644
0.471299093655589,0.6066465256797584
0.4664652567975831,0.6066465256797584
0.461631419939577,0.6066465256797584
0.4567975830815709,0.6018126888217523
0.45196374622356483,0.6018126888217523
0.44712990936555896,0.6018126888217523
0.4422960725075529,0.5969788519637462
0.4374622356495468,0.5969788519637462
0.4326283987915407,0.5969788519637462
0.4277945619335346,0.5921450151057402
0.42296072507552873,0.5921450151057402
0.41812688821752264,0.5921450151057402
0.41329305135951655,0.5873111782477342
0.40845921450151046,0.5873111782477342
0.4036253776435046,0.5873111782477342
0.3987915407854985,0.5873111782477342
0.3939577039274924,0.5873111782477342
0.3891238670694863,0.5824773413897282
0.3842900302114802,0.5824773413897282
0.37945619335347436,0.5824773413897282
0.37462235649546827,0.5824773413897282
0.3697885196374622,0.5776435045317221
0.3649546827794561,0.5776435045317221
0.3601208459214502,0.5776435045317221
0.3552870090634441,0.5776435045317221
0.35045317220543803,0.5776435045317221
0.34561933534743194,0.572809667673716
0.34078549848942585,0.572809667673716
0.33595166163142,0.572809667673716
0.3311178247734139,0.572809667673716
0.3262839879154078,0.572809667673716
0.3214501510574017,0.572809667673716
0.3166163141993956,0.56797583081571
0.31178247734138975,0.56797583081571
0.30694864048338366,0.56797583081571
0.30211480362537757,0.56797583081571
0.2972809667673715,0.56797583081571
0.2924471299093656,0.56797583081571
0.2876132930513595,0.563141993957704
0.28277945619335343,0.563141993957704
0.27794561933534734,0.563141993957704
0.27311178247734125,0.563141993957704
0.2682779456193354,0.563141993957704
0.2634441087613293,0.563141993957704
0.2586102719033232,0.5583081570996979
0.2537764350453171,0.5583081570996979
0.24894259818731124,0.5583081570996979
0.24410876132930515,0.5583081570996979
0.23927492447129906,0.5583081570996979
0.23444108761329296,0.5534743202416919
0.22960725075528687,0.5534743202416919
0.224773413897281,0.5534743202416919
0.2199395770392749,0.5534743202416919
0.21510574018126882,0.5534743202416919
0.21027190332326273,0.5534743202416919
0.20543806646525664,0.5486404833836859
0.20060422960725077,0.5486404833836859
0.19577039274924468,0.5486404833836859
0.1909365558912386,0.5486404833836859
0.1861027190332326,0.5486404833836859
0.18126888217522652,0.5438066465256798
0.17643504531722054,0.5438066465256798
0.17160120845921445,0.5438066465256798
0.16676737160120836,0.5438066465256798
0.16193353474320238,0.5438066465256798
0.1570996978851963,0.5438066465256798
0.1522658610271903,0.5389728096676738
0.14743202416918422,0.5389728096676738
0.14259818731117824,0.5389728096676738
0.13776435045317215,0.5389728096676738
0.13293051359516617,0.5389728096676738
0.12809667673716008,0.5341389728096677
0.12326283987915398,0.5341389728096677
0.118429003021148,0.5341389728096677
0.11359516616314191,0.5341389728096677
0.10876132930513593,0.5341389728096677
0.10392749244712984,0.5341389728096677
0.09909365558912386,0.5293051359516616
0.09425981873111777,0.5293051359516616
0.08942598187311179,0.5293051359516616
0.0845921450151057,0.5293051359516616
0.07975830815709961,0.5293051359516616
0.07492447129909363,0.5293051359516616
0.07009063444108754,0.5293051359516616
0.06525679758308156,0.5244712990936556
0.06042296072507547,0.5244712990936556
0.05558912386706949,0.5244712990936556
0.0507552870090634,0.5244712990936556
0.04592145015105731,0.5244712990936556
0.04108761329305133,0.5244712990936556
0.03625377643504524,0.5244712990936556
0.03141993957703926,0.5196374622356497
0.026586102719033167,0.5196374622356497
0.021752265861027187,0.5196374622356497
0.016918429003021096,0.5196374622356497
0.012084592145015005,0.5196374622356497
0.007250755287009025,0.5196374622356497
0.0024169184290029344,0.5196374622356497
-0.0024169184290030454,0.5196374622356497
-0.007250755287009136,0.5196374622356497
-0.012084592145015116,0.5196374622356497
-0.016918429003021207,0.5148036253776436
-0.021752265861027187,0.5148036253776436
-0.026586102719033278,0.5148036253776436
-0.03141993957703937,0.5148036253776436
-0.03625377643504535,0.5148036253776436
-0.04108761329305144,0.5148036253776436
-0.04592145015105742,0.5148036253776436
-0.05075528700906351,0.5148036253776436
-0.05558912386706949,0.5148036253776436
-0.06042296072507558,0.5148036253776436
-0.06525679758308156,0.5148036253776436
-0.07009063444108765,0.5148036253776436
-0.07492447129909374,0.5099697885196375
-0.07975830815709972,0.5099697885196375
-0.08459214501510581,0.5099697885196375
-0.08942598187311179,0.5099697885196375
-0.09425981873111788,0.5099697885196375
-0.09909365558912386,0.5099697885196375
-0.10392749244712995,0.5099697885196375
-0.10876132930513605,0.5099697885196375
-0.11359516616314203,0.5099697885196375
-0.11842900302114812,0.5051359516616314
-0.1232628398791541,0.5051359516616314
-0.1280966767371602,0.5051359516616314
-0.13293051359516617,0.5051359516616314
-0.13776435045317226,0.5051359516616314
-0.14259818731117835,0.5051359516616314
-0.14743202416918433,0.5051359516616314
-0.15226586102719042,0.5051359516616314
-0.1570996978851964,0.5051359516616314
-0.1619335347432025,0.5051359516616314
-0.16676737160120847,0.5051359516616314
-0.17160120845921456,0.5003021148036254
-0.17643504531722054,0.5003021148036254
-0.18126888217522663,0.5003021148036254
-0.18610271903323272,0.5003021148036254
-0.1909365558912387,0.5003021148036254
-0.1957703927492448,0.5003021148036254
-0.20060422960725077,0.5003021148036254
-0.20543806646525686,0.5003021148036254
-0.21027190332326284,0.5003021148036254
-0.21510574018126893,0.5003021148036254
-0.2199395770392749,0.5003021148036254
-0.224773413897281,0.5003021148036254
-0.2296072507552871,0.5003021148036254
-0.23444108761329308,0.5003021148036254
-0.23927492447129917,0.5003021148036254
-0.24410876132930515,0.5003021148036254
-0.24894259818731124,0.5003021148036254
-0.2537764350453172,0.4954682779456194
-0.2586102719033233,0.4954682779456194
-0.2634441087613294,0.4954682779456194
-0.2682779456193354,0.4954682779456194
-0.27311178247734147,0.4954682779456194
-0.27794561933534745,0.4954682779456194
-0.28277945619335354,0.4954682779456194
-0.2876132930513595,0.4954682779456194
-0.2924471299093656,0.4954682779456194
-0.2972809667673717,0.4954682779456194
-0.3021148036253777,0.4954682779456194
-0.3069486404833837,0.4954682779456194
-0.31178247734138975,0.4954682779456194
-0.31661631419939584,0.4954682779456194
-0.3214501510574019,0.4954682779456194
-0.3262839879154079,0.4954682779456194
-0.33111782477341395,0.4954682779456194
-0.33595166163142,0.4954682779456194
-0.340785498489426,0.4954682779456194
-0.34561933534743206,0.4954682779456194
-0.3504531722054381,0.4954682779456194
-0.3552870090634441,0.4954682779456194
-0.3601208459214502,0.4954682779456194
-0.36495468277945625,0.4954682779456194
-0.3697885196374623,0.4954682779456194
-0.3746223564954683,0.4954682779456194
-0.37945619335347436,0.4954682779456194
-0.3842900302114804,0.4954682779456194
-0.38912386706948643,0.4954682779456194
-0.3939577039274925,0.4954682779456194
-0.39879154078549855,0.4954682779456194
-0.4036253776435046,0.4954682779456194
-0.4084592145015106,0.4954682779456194
-0.41329305135951666,0.4954682779456194
-0.4181268882175227,0.4954682779456194
-0.42296072507552873,0.4954682779456194
-0.42779456193353477,0.4954682779456194
-0.4326283987915408,0.49063444108761334
-0.4374622356495469,0.49063444108761334
-0.44229607250755293,0.49063444108761334
-0.44712990936555896,0.49063444108761334
-0.451963746223565,0.49063444108761334
-0.45679758308157103,0.49063444108761334
-0.46163141993957707,0.49063444108761334
-0.4664652567975831,0.49063444108761334
-0.4712990936555892,0.49063444108761334
-0.47613293051359523,0.49063444108761334
-0.48096676737160127,0.49063444108761334
-0.4858006042296073,0.49063444108761334
-0.49063444108761334,0.49063444108761334
-0.4954682779456194,0.49063444108761334
-0.5003021148036254,0.49063444108761334
-0.5051359516616314,0.49063444108761334
-0.5099697885196375,0.49063444108761334
-0.5148036253776436,0.49063444108761334
-0.5196374622356497,0.49063444108761334
-0.5244712990936556,0.49063444108761334
-0.5293051359516616,0.49063444108761334
-0.5341389728096677,0.49063444108761334
-0.5389728096676738,0.49063444108761334
-0.5438066465256798,0.4858006042296073
-0.5486404833836859,0.4858006042296073
-0.5534743202416919,0.4858006042296073
-0.5583081570996979,0.4858006042296073
-0.563141993957704,0.4858006042296073
-0.56797583081571,0.4858006042296073
-0.572809667673716,0.4858006042296073
-0.5776435045317221,0.4858006042296073
-0.5824773413897282,0.4858006042296073
-0.5873111782477342,0.4858006042296073
-0.5921450151057402,0.4858006042296073
-0.5969788519637462,0.4858006042296073
-0.6018126888217523,0.4858006042296073
-0.6066465256797584,0.4858006042296073
-0.6114803625377644,0.4858006042296073
-0.6163141993957704,0.4858006042296073
-0.6211480362537765,0.4858006042296073
-0.6259818731117825,0.4858006042296073
-0.6308157099697885,0.4858006042296073
-0.6356495468277946,0.49063444108761334
-0.6404833836858006,0.49063444108761334
-0.6453172205438067,0.49063444108761334
-0.6501510574018128,0.49063444108761334
-0.6549848942598188,0.49063444108761334
-0.6598187311178249,0.49063444108761334
-0.6646525679758308,0.49063444108761334
-0.6694864048338369,0.49063444108761334
-0.674320241691843,0.49063444108761334
-0.679154078549849,0.49063444108761334
-0.683987915407855,0.49063444108761334
-0.6888217522658611,0.49063444108761334
-0.6936555891238672,0.4954682779456194
-0.6984894259818731,0.4954682779456194
-0.7033232628398792,0.4954682779456194
-0.7081570996978852,0.4954682779456194
-0.7129909365558913,0.4954682779456194
-0.7178247734138974,0.4954682779456194
-0.7226586102719034,0.4954682779456194
-0.7274924471299093,0.4954682779456194
-0.7323262839879154,0.5003021148036254
-0.7371601208459215,0.5003021148036254
-0.7419939577039275,0.5003021148036254
-0.7468277945619336,0.5003021148036254
-0.7516616314199396,0.5051359516616314
-0.7564954682779457,0.5051359516616314
-0.7613293051359518,0.5099697885196375
-0.7613293051359518,0.5148036253776436
-0.7661631419939577,0.5196374622356497
-0.7709969788519638,0.5244712990936556
-0.7709969788519638,0.5293051359516616
-0.7758308157099698,0.5341389728096677
-0.7758308157099698,0.5389728096676738
-0.7758308157099698,0.5438066465256798
-0.7758308157099698,0.5486404833836859
-0.7758308157099698,0.5534743202416919
-0.7758308157099698,0.5583081570996979
-0.7758308157099698,0.563141993957704
-0.7758308157099698,0.56797583081571
-0.7709969788519638,0.572809667673716
-0.7709969788519638,0.5776435045317221
-0.7661631419939577,0.5824773413897282
-0.7661631419939577,0.5873111782477342
-0.7613293051359518,0.5921450151057402
-0.7564954682779457,0.5969788519637462
-0.7516616314199396,0.6018126888217523
-0.7468277945619336,0.6066465256797584
-0.7419939577039275,0.6114803625377644
-0.7371601208459215,0.6114803625377644
-0.7323262839879154,0.6163141993957704
-0.7274924471299093,0.6211480362537765
-0.7226586102719034,0.6211480362537765
-0.7178247734138974,0.6259818731117825
-0.7129909365558913,0.6308157099697885
-0.7081570996978852,0.6308157099697885
-0.7033232628398792,0.6308157099697885
-0.6984894259818731,0.6356495468277946
-0.6936555891238672,0.6356495468277946
-0.6888217522658611,0.6356495468277946
-0.683987915407855,0.6404833836858006
-0.679154078549849,0.6404833836858006
-0.674320241691843,0.6404833836858006
-0.6694864048338369,0.6453172205438067
-0.6646525679758308,0.6453172205438067
-0.6598187311178249,0.6453172205438067
-0.6549848942598188,0.6501510574018128
-0.6501510574018128,0.6501510574018128
-0.6453172205438067,0.6501510574018128
-0.6404833836858006,0.6501510574018128
-0.6356495468277946,0.6501510574018128
-0.6308157099697885,0.6549848942598188
-0.6259818731117825,0.6549848942598188
-0.6211480362537765,0.6549848942598188
-0.6163141993957704,0.6549848942598188
-0.6114803625377644,0.6549848942598188
-0.6066465256797584,0.6549848942598188
-0.6018126888217523,0.6549848942598188
-0.5969788519637462,0.6549848942598188
-0.5921450151057402,0.6549848942598188
-0.5873111782477342,0.6549848942598188
-0.5824773413897282,0.6549848942598188
-0.5776435045317221,0.6549848942598188
-0.572809667673716,0.6549848942598188
-0.56797583081571,0.6549848942598188
-0.563141993957704,0.6549848942598188
-0.5583081570996979,0.6501510574018128
-0.5534743202416919,0.6501510574018128
-0.5486404833836859,0.6501510574018128
-0.5438066465256798,0.6501510574018128
-0.5389728096676738,0.6501510574018128
-0.5341389728096677,0.6501510574018128
-0.5293051359516616,0.6501510574018128
-0.5244712990936556,0.6501510574018128
-0.5196374622356497,0.6501510574018128
-0.5148036253776436,0.6501510574018128
-0.5099697885196375,0.6501510574018128
-0.5051359516616314,0.6501510574018128
-0.5003021148036254,0.6501510574018128
-0.4954682779456194,0.6501510574018128
-0.49063444108761334,0.6501510574018128
-0.4858006042296073,0.6501510574018128
-0.48096676737160127,0.6501510574018128
-0.47613293051359523,0.6501510574018128
-0.4712990936555892,0.6501510574018128
-0.4664652567975831,0.6501510574018128
-0.46163141993957707,0.6501510574018128
-0.45679758308157103,0.6501510574018128
-0.451963746223565,0.6501510574018128
-0.44712990936555896,0.6501510574018128
-0.44229607250755293,0.6501510574018128
-0.4374622356495469,0.6501510574018128
-0.4326283987915408,0.6501510574018128
-0.42779456193353477,0.6501510574018128
-0.42296072507552873,0.6501510574018128
-0.4181268882175227,0.6501510574018128
-0.41329305135951666,0.6501510574018128
-0.4084592145015106,0.6501510574018128
-0.4036253776435046,0.6453172205438067
-0.39879154078549855,0.6453172205438067
-0.3939577039274925,0.6453172205438067
-0.38912386706948643,0.6453172205438067
-0.3842900302114804,0.6453172205438067
-0.37945619335347436,0.6501510574018128
-0.3746223564954683,0.6501510574018128
-0.3697885196374623,0.6501510574018128
-0.36495468277945625,0.6501510574018128
-0.3601208459214502,0.6501510574018128
-0.3552870090634441,0.6501510574018128
-0.3504531722054381,0.6501510574018128
-0.34561933534743206,0.6501510574018128
-0.340785498489426,0.6501510574018128
-0.33595166163142,0.6549848942598188
-0.33111782477341395,0.6549848942598188
-0.3262839879154079,0.6549848942598188
-0.3214501510574019,0.6549848942598188
-0.31661631419939584,0.6549848942598188
-0.31178247734138975,0.6549848942598188
-0.3069486404833837,0.6549848942598188
-0.3021148036253777,0.6549848942598188
-0.2972809667673717,0.6598187311178249
-0.2924471299093656,0.6598187311178249
-0.2876132930513595,0.6598187311178249
-0.28277945619335354,0.6598187311178249
-0.27794561933534745,0.6598187311178249
-0.27311178247734147,0.6598187311178249
-0.2682779456193354,0.6598187311178249
-0.2634441087613294,0.6598187311178249
-0.2586102719033233,0.6598187311178249
-0.2537764350453172,0.6646525679758308
-0.24894259818731124,0.6646525679758308
-0.24410876132930515,0.6646525679758308
-0.23927492447129917,0.6646525679758308
-0.23444108761329308,0.6646525679758308
=
-0.18610271903323272,0.4664652567975831
-0.18126888217522663,0.4664652567975831
-0.17643504531722054,0.4664652567975831
-0.17160120845921456,0.4712990936555892
-0.16676737160120847,0.4712990936555892
-0.1619335347432025,0.4712990936555892
-0.1570996978851964,0.4712990936555892
-0.15226586102719042,0.4712990936555892
-0.14743202416918433,0.4712990936555892
-0.14259818731117835,0.4712990936555892
-0.13776435045317226,0.4712990936555892
-0.13293051359516617,0.4712990936555892
-0.1280966767371602,0.4712990936555892
-0.1232628398791541,0.4712990936555892
-0.11842900302114812,0.4712990936555892
-0.11359516616314203,0.4712990936555892
-0.10876132930513605,0.4712990936555892
-0.10392749244712995,0.47613293051359523
-0.09909365558912386,0.47613293051359523
-0.09425981873111788,0.47613293051359523
-0.08942598187311179,0.47613293051359523
-0.08459214501510581,0.47613293051359523
-0.07975830815709972,0.47613293051359523
-0.07492447129909374,0.47613293051359523
-0.07009063444108765,0.47613293051359523
-0.06525679758308156,0.48096676737160127
-0.06042296072507558,0.48096676737160127
-0.05558912386706949,0.48096676737160127
-0.05075528700906351,0.48096676737160127
-0.04592145015105742,0.48096676737160127
-0.04108761329305144,0.48096676737160127
-0.03625377643504535,0.48096676737160127
-0.03141993957703937,0.48096676737160127
-0.026586102719033278,0.48096676737160127
-0.021752265861027187,0.48096676737160127
-0.016918429003021207,0.48096676737160127
-0.012084592145015116,0.48096676737160127
-0.007250755287009136,0.48096676737160127
-0.0024169184290030454,0.4858006042296073
0.0024169184290029344,0.4858006042296073
0.007250755287009025,0.4858006042296073
0.012084592145015005,0.4858006042296073
0.016918429003021096,0.4858006042296073
0.021752265861027187,0.4858006042296073
0.026586102719033167,0.4858006042296073
0.03141993957703926,0.4858006042296073
0.03625377643504524,0.4858006042296073
0.04108761329305133,0.49063444108761334
0.04592145015105731,0.49063444108761334
0.0507552870090634,0.49063444108761334
0.05558912386706949,0.49063444108761334
0.06042296072507547,0.49063444108761334
0.06525679758308156,0.49063444108761334
0.07009063444108754,0.49063444108761334
0.07492447129909363,0.49063444108761334
0.07975830815709961,0.4954682779456194
0.0845921450151057,0.4954682779456194
0.08942598187311179,0.4954682779456194
0.09425981873111777,0.4954682779456194
0.09909365558912386,0.4954682779456194
0.10392749244712984,0.4954682779456194
0.10876132930513593,0.4954682779456194
0.11359516616314191,0.5003021148036254
0.118429003021148,0.5003021148036254
0.12326283987915398,0.5003021148036254
0.12809667673716008,0.5003021148036254
0.13293051359516617,0.5003021148036254
0.13776435045317215,0.5051359516616314
0.14259818731117824,0.5051359516616314
0.14743202416918422,0.5051359516616314
0.1522658610271903,0.5051359516616314
0.1570996978851963,0.5051359516616314
0.16193353474320238,0.5099697885196375
0.16676737160120836,0.5099697885196375
0.17160120845921445,0.5099697885196375
0.17643504531722054,0.5099697885196375
0.18126888217522652,0.5099697885196375
0.1861027190332326,0.5099697885196375
0.1909365558912386,0.5148036253776436
0.19577039274924468,0.5148036253776436
0.20060422960725077,0.5148036253776436
0.20543806646525664,0.5148036253776436
0.21027190332326273,0.5148036253776436
0.21510574018126882,0.5196374622356497
0.2199395770392749,0.5196374622356497
0.224773413897281,0.5196374622356497
0.22960725075528687,0.5196374622356497
0.23444108761329296,0.5196374622356497
0.23927492447129906,0.5196374622356497
0.24410876132930515,0.5196374622356497
0.24894259818731124,0.5244712990936556
0.2537764350453171,0.5244712990936556
0.2586102719033232,0.5244712990936556
0.2634441087613293,0.5244712990936556
0.2682779456193354,0.5244712990936556
0.27311178247734125,0.5293051359516616
0.27794561933534734,0.5293051359516616
0.28277945619335343,0.5293051359516616
0.2876132930513595,0.5293051359516616
0.2924471299093656,0.5293051359516616
0.2972809667673715,0.5293051359516616
0.30211480362537757,0.5341389728096677
0.30694864048338366,0.5341389728096677
0.31178247734138975,0.5341389728096677
0.3166163141993956,0.5341389728096677
0.3214501510574017,0.5341389728096677
0.3262839879154078,0.5341389728096677
0.3311178247734139,0.5389728096676738
0.33595166163142,0.5389728096676738
0.34078549848942585,0.5389728096676738
0.34561933534743194,0.5389728096676738
0.35045317220543803,0.5389728096676738
0.3552870090634441,0.5438066465256798
0.3601208459214502,0.5438066465256798
0.3649546827794561,0.5438066465256798
0.3697885196374622,0.5438066465256798
0.37462235649546827,0.5438066465256798
0.37945619335347436,0.5438066465256798
0.3842900302114802,0.5486404833836859
0.3891238670694863,0.5486404833836859
0.3939577039274924,0.5486404833836859
0.3987915407854985,0.5486404833836859
0.4036253776435046,0.5534743202416919
0.40845921450151046,0.5534743202416919
0.41329305135951655,0.5534743202416919
0.41812688821752264,0.5534743202416919
0.42296072507552873,0.5534743202416919
0.4277945619335346,0.5583081570996979
0.4326283987915407,0.5583081570996979
0.4374622356495468,0.5583081570996979
0.4422960725075529,0.5583081570996979
0.44712990936555896,0.563141993957704
0.45196374622356483,0.563141993957704
0.4567975830815709,0.563141993957704
0.461631419939577,0.56797583081571
0.4664652567975831,0.56797583081571
0.471299093655589,0.56797583081571
0.47613293051359507,0.572809667673716
0.48096676737160116,0.572809667673716
0.48580060422960725,0.572809667673716
0.49063444108761334,0.572809667673716
0.4954682779456192,0.5776435045317221
0.5003021148036253,0.5776435045317221
0.5051359516616314,0.5776435045317221
0.5099697885196375,0.5824773413897282
0.5148036253776433,0.5824773413897282
0.5196374622356494,0.5873111782477342
0.5244712990936555,0.5873111782477342
0.5293051359516616,0.5873111782477342
0.5341389728096677,0.5921450151057402
0.5389728096676736,0.5921450151057402
0.5438066465256797,0.5921450151057402
0.5486404833836858,0.5969788519637462
0.5534743202416919,0.5969788519637462
0.5583081570996979,0.5969788519637462
0.5631419939577038,0.5969788519637462
0.5679758308157099,0.5921450151057402
0.572809667673716,0.5921450151057402
0.5776435045317221,0.5921450151057402
0.582477341389728,0.5921450151057402
0.587311178247734,0.5873111782477342
0.5921450151057401,0.5873111782477342
0.5969788519637462,0.5873111782477342
0.6018126888217523,0.5824773413897282
0.6066465256797582,0.5824773413897282
0.6114803625377643,0.5824773413897282
0.6163141993957704,0.5776435045317221
0.6211480362537765,0.572809667673716
0.6259818731117823,0.572809667673716
0.6308157099697884,0.56797583081571
0.6356495468277945,0.56797583081571
0.6404833836858006,0.563141993957704
0.6453172205438067,0.5583081570996979
0.6501510574018126,0.5583081570996979
0.6549848942598187,0.5534743202416919
0.6598187311178247,0.5486404833836859
0.6646525679758308,0.5438066465256798
0.6694864048338369,0.5389728096676738
0.6743202416918428,0.5341389728096677
0.6791540785498489,0.5293051359516616
0.683987915407855,0.5244712990936556
0.6888217522658611,0.5196374622356497
0.6936555891238669,0.5148036253776436
0.698489425981873,0.5099697885196375
0.7033232628398791,0.5051359516616314
0.7033232628398791,0.5003021148036254
0.7081570996978852,0.4954682779456194
0.7081570996978852,0.49063444108761334
0.7129909365558913,0.4858006042296073
0.7129909365558913,0.48096676737160127
0.7178247734138972,0.47613293051359523
0.7178247734138972,0.4712990936555892
0.7226586102719033,0.4664652567975831
0.7226586102719033,0.46163141993957707
0.7226586102719033,0.45679758308157103
0.7226586102719033,0.451963746223565
0.7274924471299093,0.44712990936555896
0.7274924471299093,0.44229607250755293
0.7274924471299093,0.4374622356495469
0.7274924471299093,0.4326283987915408
0.7274924471299093,0.42779456193353477
0.7274924471299093,0.42296072507552873
0.7274924471299093,0.4181268882175227
0.7274924471299093,0.41329305135951666
0.7274924471299093,0.4084592145015106
0.7274924471299093,0.4036253776435046
0.7274924471299093,0.39879154078549855
0.7274924471299093,0.3939577039274925
0.7274924471299093,0.38912386706948643
0.7274924471299093,0.3842900302114804
0.7274924471299093,0.37945619335347436
0.7226586102719033,0.3746223564954683
0.7226586102719033,0.3697885196374623
0.7226586102719033,0.36495468277945625
0.7226586102719033,0.3601208459214502
0.7226586102719033,0.3552870090634441
0.7178247734138972,0.3504531722054381
0.7178247734138972,0.34561933534743206
0.7178247734138972,0.340785498489426
0.7129909365558913,0.33595166163142
0.7129909365558913,0.33111782477341395
0.7129909365558913,0.3262839879154079
0.7129909365558913,0.3214501510574019
0.7081570996978852,0.31661631419939584
0.7081570996978852,0.31178247734138975
0.7081570996978852,0.3069486404833837
0.7033232628398791,0.3021148036253777
0.7033232628398791,0.2972809667673717
0.698489425981873,0.2924471299093656
0.698489425981873,0.2876132930513595
0.6936555891238669,0.28277945619335354
0.6936555891238669,0.27794561933534745
0.6888217522658611,0.27311178247734147
0.683987915407855,0.2682779456193354
0.683987915407855,0.2634441087613294
0.6791540785498489,0.2586102719033233
0.6743202416918428,0.2537764350453172
0.6694864048338369,0.24894259818731124
0.6646525679758308,0.24410876132930515
0.6598187311178247,0.23927492447129917
0.6549848942598187,0.23444108761329308
0.6501510574018126,0.23444108761329308
0.6453172205438067,0.2296072507552871
0.6404833836858006,0.224773413897281
0.6356495468277945,0.224773413897281
0.6308157099697884,0.2199395770392749
0.6259818731117823,0.2199395770392749
0.6211480362537765,0.21510574018126893
0.6163141993957704,0.21510574018126893
0.6114803625377643,0.21510574018126893
0.6066465256797582,0.21027190332326284
0.6018126888217523,0.21027190332326284
0.5969788519637462,0.21027190332326284
0.5921450151057401,0.21027190332326284
0.587311178247734,0.21027190332326284
0.582477341389728,0.21027190332326284
0.5776435045317221,0.21027190332326284
0.572809667673716,0.21027190332326284
0.5679758308157099,0.20543806646525686
0.5631419939577038,0.20543806646525686
0.5583081570996979,0.20543806646525686
0.5534743202416919,0.20543806646525686
0.5486404833836858,0.20060422960725077
0.5438066465256797,0.20060422960725077
0.5389728096676736,0.20060422960725077
0.5341389728096677,0.1957703927492448
0.5293051359516616,0.1957703927492448
0.5244712990936555,0.1909365558912387
0.5196374622356494,0.18610271903323272
0.5196374622356494,0.18126888217522663
0.5148036253776433,0.17643504531722054
0.5099697885196375,0.17160120845921456
0.5051359516616314,0.16676737160120847
0.5003021148036253,0.16676737160120847
0.4954682779456192,0.16676737160120847
0.49063444108761334,0.16676737160120847
0.48580060422960725,0.17160120845921456
0.48096676737160116,0.17643504531722054
0.47613293051359507,0.18126888217522663
0.471299093655589,0.18610271903323272
0.4664652567975831,0.1909365558912387
0.461631419939577,0.1909365558912387
0.4567975830815709,0.1957703927492448
0.45196374622356483,0.20060422960725077
0.44712990936555896,0.20060422960725077
0.4422960725075529,0.20543806646525686
0.4374622356495468,0.20543806646525686
0.4326283987915407,0.20543806646525686
0.4277945619335346,0.21027190332326284
0.42296072507552873,0.21027190332326284
0.41812688821752264,0.21027190332326284
0.41329305135951655,0.21027190332326284
0.40845921450151046,0.21027190332326284
0.4036253776435046,0.21027190332326284
0.3987915407854985,0.21027190332326284
0.3939577039274924,0.21027190332326284
0.3891238670694863,0.21027190332326284
0.3842900302114802,0.21027190332326284
0.37945619335347436,0.21027190332326284
0.37462235649546827,0.21027190332326284
0.3697885196374622,0.21027190332326284
0.3649546827794561,0.20543806646525686
0.3601208459214502,0.20543806646525686
0.3552870090634441,0.20543806646525686
0.35045317220543803,0.20543806646525686
0.34561933534743194,0.20060422960725077
0.34078549848942585,0.20060422960725077
0.33595166163142,0.20060422960725077
0.3311178247734139,0.20060422960725077
0.3262839879154078,0.1957703927492448
0.3214501510574017,0.1957703927492448
0.3166163141993956,0.1957703927492448
0.31178247734138975,0.1909365558912387
0.30694864048338366,0.1909365558912387
0.30211480362537757,0.18610271903323272
0.2972809667673715,0.18610271903323272
0.2924471299093656,0.18126888217522663
0.2876132930513595,0.17643504531722054
0.28277945619335343,0.17643504531722054
0.27794561933534734,0.17160120845921456
0.27794561933534734,0.16676737160120847
0.27311178247734125,0.1619335347432025
0.2682779456193354,0.1570996978851964
0.2682779456193354,0.15226586102719042
0.2682779456193354,0.14743202416918433
0.2634441087613293,0.14259818731117835
0.2634441087613293,0.13776435045317226
0.2634441087613293,0.13293051359516617
0.2634441087613293,0.1280966767371602
0.2634441087613293,0.1232628398791541
0.2634441087613293,0.11842900302114812
0.2634441087613293,0.11359516616314203
0.2634441087613293,0.10876132930513605
0.2634441087613293,0.10392749244712995
0.2634441087613293,0.09909365558912386
0.2634441087613293,0.09425981873111788
0.2634441087613293,0.08942598187311179
0.2634441087613293,0.08459214501510581
0.2634441087613293,0.07975830815709972
0.2634441087613293,0.07492447129909374
0.2634441087613293,0.07009063444108765
0.2634441087613293,0.06525679758308156
0.2586102719033232,0.06042296072507558
0.2537764350453171,0.05558912386706949
0.24894259818731124,0.05558912386706949
0.24410876132930515,0.05075528700906351
0.23927492447129906,0.05075528700906351
0.23444108761329296,0.05075528700906351
0.22960725075528687,0.05558912386706949
0.224773413897281,0.05558912386706949
0.2199395770392749,0.05558912386706949
0.21510574018126882,0.06042296072507558
0.21510574018126882,0.06525679758308156
0.21027190332326273,0.07009063444108765
0.21027190332326273,0.07492447129909374
0.20543806646525664,0.07975830815709972
0.20543806646525664,0.08459214501510581
0.20543806646525664,0.08942598187311179
0.20543806646525664,0.09425981873111788
0.20543806646525664,0.09909365558912386
0.20543806646525664,0.10392749244712995
0.20543806646525664,0.10876132930513605
0.20543806646525664,0.11359516616314203
0.20543806646525664,0.11842900302114812
0.20543806646525664,0.1232628398791541
0.20543806646525664,0.1280966767371602
0.20543806646525664,0.13293051359516617
0.20543806646525664,0.13776435045317226
0.20543806646525664,0.14259818731117835
0.20060422960725077,0.14743202416918433
0.20060422960725077,0.15226586102719042
0.20060422960725077,0.1570996978851964
0.19577039274924468,0.1619335347432025
0.19577039274924468,0.16676737160120847
0.1909365558912386,0.17160120845921456
0.1861027190332326,0.17643504531722054
0.18126888217522652,0.18126888217522663
0.17643504531722054,0.18126888217522663
0.17160120845921445,0.18610271903323272
0.16676737160120836,0.1909365558912387
0.16193353474320238,0.1909365558912387
0.1570996978851963,0.1909365558912387
0.1522658610271903,0.1957703927492448
0.14743202416918422,0.1957703927492448
0.14259818731117824,0.1957703927492448
0.13776435045317215,0.20060422960725077
0.13293051359516617,0.20060422960725077
0.12809667673716008,0.20060422960725077
0.12326283987915398,0.20060422960725077
0.118429003021148,0.20060422960725077
0.11359516616314191,0.20060422960725077
0.10876132930513593,0.20060422960725077
0.10392749244712984,0.20060422960725077
0.09909365558912386,0.20060422960725077
0.09425981873111777,0.20060422960725077
0.08942598187311179,0.20060422960725077
0.0845921450151057,0.20060422960725077
0.07975830815709961,0.20060422960725077
0.07492447129909363,0.20060422960725077
0.07009063444108754,0.20060422960725077
0.06525679758308156,0.20060422960725077
0.06042296072507547,0.20060422960725077
0.05558912386706949,0.20060422960725077
0.0507552870090634,0.20060422960725077
0.04592145015105731,0.20060422960725077
0.04108761329305133,0.20543806646525686
0.03625377643504524,0.20543806646525686
0.03141993957703926,0.20543806646525686
0.026586102719033167,0.20543806646525686
0.021752265861027187,0.20543806646525686
0.016918429003021096,0.20543806646525686
0.012084592145015005,0.20543806646525686
0.007250755287009025,0.20543806646525686
0.0024169184290029344,0.20543806646525686
-0.0024169184290030454,0.20543806646525686
-0.007250755287009136,0.20543806646525686
-0.012084592145015116,0.20543806646525686
-0.016918429003021207,0.20543806646525686
-0.021752265861027187,0.20543806646525686
-0.026586102719033278,0.20543806646525686
-0.03141993957703937,0.20543806646525686
-0.03625377643504535,0.20543806646525686
-0.04108761329305144,0.20543806646525686
-0.04592145015105742,0.20543806646525686
-0.05075528700906351,0.20543806646525686
-0.05558912386706949,0.20543806646525686
-0.06042296072507558,0.20543806646525686
-0.06525679758308156,0.20543806646525686
-0.07009063444108765,0.20543806646525686
-0.07492447129909374,0.20543806646525686
-0.07975830815709972,0.20543806646525686
-0.08459214501510581,0.20543806646525686
-0.08942598187311179,0.20543806646525686
-0.09425981873111788,0.20543806646525686
-0.09909365558912386,0.20060422960725077
-0.10392749244712995,0.20060422960725077
-0.10876132930513605,0.20060422960725077
-0.11359516616314203,0.20060422960725077
-0.11842900302114812,0.20060422960725077
-0.1232628398791541,0.20060422960725077
-0.1280966767371602,0.1957703927492448
-0.13293051359516617,0.1957703927492448
-0.13776435045317226,0.1957703927492448
-0.14259818731117835,0.1909365558912387
-0.14743202416918433,0.1909365558912387
-0.15226586102719042,0.1909365558912387
-0.1570996978851964,0.18610271903323272
-0.1619335347432025,0.18126888217522663
-0.16676737160120847,0.18126888217522663
-0.17160120845921456,0.17643504531722054
-0.17643504531722054,0.17160120845921456
-0.17643504531722054,0.16676737160120847
-0.18126888217522663,0.1619335347432025
-0.18126888217522663,0.1570996978851964
-0.18610271903323272,0.15226586102719042
-0.18610271903323272,0.14743202416918433
-0.18610271903323272,0.14259818731117835
-0.1909365558912387,0.13776435045317226
-0.1909365558912387,0.13293051359516617
-0.1957703927492448,0.1280966767371602
-0.20060422960725077,0.1232628398791541
-0.20543806646525686,0.1232628398791541
-0.21027190332326284,0.1232628398791541
-0.21510574018126893,0.1232628398791541
-0.2199395770392749,0.1280966767371602
-0.2199395770392749,0.13293051359516617
-0.224773413897281,0.13776435045317226
-0.2296072507552871,0.14259818731117835
-0.2296072507552871,0.14743202416918433
-0.2296072507552871,0.15226586102719042
-0.2296072507552871,0.1570996978851964
-0.2296072507552871,0.1619335347432025
-0.23444108761329308,0.16676737160120847
-0.23444108761329308,0.17160120845921456
-0.23927492447129917,0.17643504531722054
-0.24410876132930515,0.18126888217522663
-0.24894259818731124,0.18610271903323272
-0.2537764350453172,0.18610271903323272
-0.2586102719033233,0.1909365558912387
-0.2634441087613294,0.1957703927492448
-0.2682779456193354,0.1957703927492448
-0.27311178247734147,0.20060422960725077
-0.27794561933534745,0.20060422960725077
-0.28277945619335354,0.20060422960725077
-0.2876132930513595,0.20060422960725077
-0.2924471299093656,0.20060422960725077
-0.2972809667673717,0.20060422960725077
-0.3021148036253777,0.20060422960725077
-0.3069486404833837,0.20060422960725077
-0.31178247734138975,0.20060422960725077
-0.31661631419939584,0.20060422960725077
-0.3214501510574019,0.20060422960725077
-0.3262839879154079,0.20060422960725077
-0.33111782477341395,0.20060422960725077
-0.33595166163142,0.1957703927492448
-0.340785498489426,0.1957703927492448
-0.34561933534743206,0.1909365558912387
-0.3504531722054381,0.18610271903323272
-0.3552870090634441,0.18126888217522663
-0.3601208459214502,0.17643504531722054
-0.36495468277945625,0.17160120845921456
-0.36495468277945625,0.16676737160120847
-0.36495468277945625,0.1619335347432025
-0.36495468277945625,0.1570996978851964
-0.36495468277945625,0.15226586102719042
-0.36495468277945625,0.14743202416918433
-0.36495468277945625,0.14259818731117835
-0.36495468277945625,0.13776435045317226
-0.36495468277945625,0.13293051359516617
-0.36495468277945625,0.1280966767371602
-0.36495468277945625,0.1232628398791541
-0.3601208459214502,0.11842900302114812
-0.3601208459214502,0.11359516616314203
-0.3601208459214502,0.10876132930513605
-0.3552870090634441,0.10392749244712995
-0.3552870090634441,0.09909365558912386
-0.3552870090634441,0.09425981873111788
-0.3552870090634441,0.08942598187311179
-0.3552870090634441,0.08459214501510581
-0.3504531722054381,0.07975830815709972
-0.3504531722054381,0.07492447129909374
-0.3504531722054381,0.07009063444108765
-0.3504531722054381,0.06525679758308156
-0.3504531722054381,0.06042296072507558
-0.3504531722054381,0.05558912386706949
-0.3504531722054381,0.05075528700906351
-0.3504531722054381,0.04592145015105742
-0.3504531722054381,0.04108761329305144
-0.3504531722054381,0.03625377643504535
-0.3552870090634441,0.03141993957703937
-0.3552870090634441,0.026586102719033278
-0.3552870090634441,0.021752265861027187
-0.3552870090634441,0.016918429003021207
-0.3552870090634441,0.012084592145015116
-0.3601208459214502,0.007250755287009136
-0.36495468277945625,0.0024169184290030454
-0.3697885196374623,-0.0024169184290029344
-0.3746223564954683,-0.0024169184290029344
-0.37945619335347436,-0.0024169184290029344
-0.3842900302114804,-0.0024169184290029344
-0.38912386706948643,-0.0024169184290029344
-0.3939577039274925,-0.0024169184290029344
-0.39879154078549855,-0.0024169184290029344
-0.4036253776435046,0.0024169184290030454
-0.4084592145015106,0.0024169184290030454
-0.41329305135951666,0.007250755287009136
-0.41329305135951666,0.012084592145015116
-0.4181268882175227,0.016918429003021207
-0.42296072507552873,0.021752265861027187
-0.42296072507552873,0.026586102719033278
-0.42779456193353477,0.03141993957703937
-0.42779456193353477,0.03625377643504535
-0.42779456193353477,0.04108761329305144
-0.42779456193353477,0.04592145015105742
-0.4326283987915408,0.05075528700906351
-0.4326283987915408,0.05558912386706949
-0.4326283987915408,0.06042296072507558
-0.4326283987915408,0.06525679758308156
-0.4326283987915408,0.07009063444108765
-0.4326283987915408,0.07492447129909374
-0.4326283987915408,0.07975830815709972
-0.4326283987915408,0.08459214501510581
-0.4326283987915408,0.08942598187311179
-0.4326283987915408,0.09425981873111788
-0.4326283987915408,0.09909365558912386
-0.4326283987915408,0.10392749244712995
-0.4326283987915408,0.10876132930513605
-0.4326283987915408,0.11359516616314203
-0.4326283987915408,0.11842900302114812
-0.42779456193353477,0.1232628398791541
-0.42779456193353477,0.1280966767371602
-0.42779456193353477,0.13293051359516617
-0.42779456193353477,0.13776435045317226
-0.42779456193353477,0.14259818731117835
-0.42779456193353477,0.14743202416918433
-0.42779456193353477,0.15226586102719042
-0.42779456193353477,0.1570996978851964
-0.42779456193353477,0.1619335347432025
-0.4326283987915408,0.16676737160120847
-0.4326283987915408,0.17160120845921456
-0.4326283987915408,0.17643504531722054
-0.4374622356495469,0.18126888217522663
-0.4374622356495469,0.18610271903323272
-0.44229607250755293,0.1909365558912387
-0.44712990936555896,0.1957703927492448
-0.451963746223565,0.1957703927492448
-0.45679758308157103,0.20060422960725077
-0.46163141993957707,0.20543806646525686
-0.4664652567975831,0.20543806646525686
-0.4712990936555892,0.21027190332326284
-0.47613293051359523,0.21027190332326284
-0.48096676737160127,0.21510574018126893
-0.4858006042296073,0.21510574018126893
-0.49063444108761334,0.21510574018126893
-0.4954682779456194,0.21510574018126893
-0.5003021148036254,0.21510574018126893
-0.5051359516616314,0.21510574018126893
-0.5099697885196375,0.21510574018126893
-0.5148036253776436,0.21510574018126893
-0.5196374622356497,0.21510574018126893
-0.5244712990936556,0.21510574018126893
-0.5293051359516616,0.21510574018126893
-0.5341389728096677,0.21510574018126893
-0.5389728096676738,0.21510574018126893
-0.5438066465256798,0.21510574018126893
-0.5486404833836859,0.21510574018126893
-0.5534743202416919,0.21510574018126893
-0.5583081570996979,0.21510574018126893
-0.563141993957704,0.21510574018126893
-0.56797583081571,0.21510574018126893
-0.572809667673716,0.21510574018126893
-0.5776435045317221,0.21510574018126893
-0.5824773413897282,0.21510574018126893
-0.5873111782477342,0.21510574018126893
-0.5921450151057402,0.21510574018126893
-0.5969788519637462,0.21510574018126893
-0.6018126888217523,0.21510574018126893
-0.6066465256797584,0.21510574018126893
-0.6114803625377644,0.21510574018126893
-0.6163141993957704,0.21510574018126893
-0.6211480362537765,0.21510574018126893
-0.6259818731117825,0.21510574018126893
-0.6308157099697885,0.21510574018126893
-0.6356495468277946,0.21510574018126893
-0.6404833836858006,0.21510574018126893
-0.6453172205438067,0.21510574018126893
-0.6501510574018128,0.21510574018126893
-0.6549848942598188,0.21510574018126893
-0.6598187311178249,0.21510574018126893
-0.6646525679758308,0.21510574018126893
-0.6694864048338369,0.21510574018126893
-0.674320241691843,0.21510574018126893
-0.679154078549849,0.21510574018126893
-0.683987915407855,0.21510574018126893
-0.6888217522658611,0.21510574018126893
-0.6936555891238672,0.21510574018126893
-0.6984894259818731,0.2199395770392749
-0.7033232628398792,0.2199395770392749
-0.7081570996978852,0.2199395770392749
-0.7129909365558913,0.224773413897281
-0.7178247734138974,0.2296072507552871
-0.7226586102719034,0.2296072507552871
-0.7274924471299093,0.23444108761329308
-0.7323262839879154,0.23444108761329308
-0.7371601208459215,0.23927492447129917
-0.7419939577039275,0.23927492447129917
-0.7468277945619336,0.24410876132930515
-0.7516616314199396,0.24410876132930515
-0.7564954682779457,0.24894259818731124
-0.7613293051359518,0.2537764350453172
-0.7661631419939577,0.2586102719033233
-0.7709969788519638,0.2634441087613294
-0.7758308157099698,0.2682779456193354
-0.7806646525679759,0.27311178247734147
-0.7806646525679759,0.27794561933534745
-0.7854984894259819,0.28277945619335354
-0.7854984894259819,0.2876132930513595
-0.790332326283988,0.2924471299093656
-0.790332326283988,0.2972809667673717
-0.795166163141994,0.3021148036253777
-0.795166163141994,0.3069486404833837
-0.795166163141994,0.31178247734138975
-0.8,0.31661631419939584
-0.8,0.3214501510574019
-0.8,0.3262839879154079
-0.8,0.33111782477341395
-0.8,0.33595166163142
-0.8,0.340785498489426
-0.8,0.34561933534743206
-0.8,0.3504531722054381
-0.8,0.3552870090634441
-0.8,0.3601208459214502
-0.8,0.36495468277945625
-0.8,0.3697885196374623
-0.8,0.3746223564954683
-0.795166163141994,0.37945619335347436
-0.795166163141994,0.3842900302114804
-0.790332326283988,0.38912386706948643
-0.790332326283988,0.3939577039274925
-0.790332326283988,0.39879154078549855
-0.790332326283988,0.4036253776435046
-0.7854984894259819,0.4084592145015106
-0.7854984894259819,0.41329305135951666
-0.7806646525679759,0.4181268882175227
-0.7806646525679759,0.42296072507552873
-0.7758308157099698,0.42779456193353477
-0.7709969788519638,0.4326283987915408
-0.7661631419939577,0.4374622356495469
-0.7613293051359518,0.44229607250755293
-0.7564954682779457,0.44712990936555896
-0.7516616314199396,0.451963746223565
-0.7468277945619336,0.45679758308157103
-0.7419939577039275,0.45679758308157103
-0.7371601208459215,0.45679758308157103
-0.7323262839879154,0.46163141993957707
-0.7274924471299093,0.46163141993957707
-0.7226586102719034,0.46163141993957707
-0.7178247734138974,0.46163141993957707
-0.7129909365558913,0.46163141993957707
-0.7081570996978852,0.46163141993957707
-0.7033232628398792,0.46163141993957707
-0.6984894259818731,0.46163141993957707
-0.6936555891238672,0.46163141993957707
-0.6888217522658611,0.46163141993957707
-0.683987915407855,0.45679758308157103
-0.679154078549849,0.45679758308157103
-0.674320241691843,0.45679758308157103
-0.6694864048338369,0.45679758308157103
-0.6646525679758308,0.45679758308157103
-0.6598187311178249,0.45679758308157103
-0.6549848942598188,0.45679758308157103
-0.6501510574018128,0.45679758308157103
-0.6453172205438067,0.45679758308157103
-0.6404833836858006,0.45679758308157103
-0.6356495468277946,0.45679758308157103
-0.6308157099697885,0.45679758308157103
-0.6259818731117825,0.45679758308157103
-0.6211480362537765,0.45679758308157103
-0.6163141993957704,0.45679758308157103
-0.6114803625377644,0.45679758308157103
-0.6066465256797584,0.45679758308157103
-0.6018126888217523,0.45679758308157103
-0.5969788519637462,0.45679758308157103
-0.5921450151057402,0.45679758308157103
-0.5873111782477342,0.45679758308157103
-0.5824773413897282,0.45679758308157103
-0.5776435045317221,0.45679758308157103
-0.572809667673716,0.45679758308157103
-0.56797583081571,0.45679758308157103
-0.563141993957704,0.45679758308157103
-0.5583081570996979,0.45679758308157103
-0.5534743202416919,0.45679758308157103
-0.5486404833836859,0.45679758308157103
-0.5438066465256798,0.45679758308157103
-0.5389728096676738,0.45679758308157103
-0.5341389728096677,0.45679758308157103
-0.5293051359516616,0.45679758308157103
-0.5244712990936556,0.45679758308157103
-0.5196374622356497,0.45679758308157103
-0.5148036253776436,0.45679758308157103
-0.5099697885196375,0.45679758308157103
-0.5051359516616314,0.45679758308157103
-0.5003021148036254,0.45679758308157103
-0.4954682779456194,0.45679758308157103
-0.49063444108761334,0.45679758308157103
-0.4858006042296073,0.45679758308157103
-0.48096676737160127,0.45679758308157103
-0.47613293051359523,0.45679758308157103
-0.4712990936555892,0.45679758308157103
-0.4664652567975831,0.45679758308157103
-0.46163141993957707,0.45679758308157103
-0.45679758308157103,0.45679758308157103
-0.451963746223565,0.45679758308157103
-0.44712990936555896,0.45679758308157103
-0.44229607250755293,0.45679758308157103
-0.4374622356495469,0.45679758308157103
-0.4326283987915408,0.45679758308157103
-0.42779456193353477,0.45679758308157103
-0.42296072507552873,0.45679758308157103
-0.4181268882175227,0.45679758308157103
-0.41329305135951666,0.45679758308157103
-0.4084592145015106,0.45679758308157103
-0.4036253776435046,0.45679758308157103
-0.39879154078549855,0.45679758308157103
-0.3939577039274925,0.45679758308157103
-0.38912386706948643,0.45679758308157103
-0.3842900302114804,0.45679758308157103
-0.37945619335347436,0.45679758308157103
-0.3746223564954683,0.45679758308157103
-0.3697885196374623,0.45679758308157103
-0.36495468277945625,0.46163141993957707
-0.3601208459214502,0.46163141993957707
-0.3552870090634441,0.46163141993957707
-0.3504531722054381,0.46163141993957707
-0.34561933534743206,0.46163141993957707
-0.340785498489426,0.46163141993957707
-0.33595166163142,0.46163141993957707
-0.33111782477341395,0.46163141993957707
-0.3262839879154079,0.46163141993957707
-0.3214501510574019,0.46163141993957707
-0.31661631419939584,0.46163141993957707
-0.31178247734138975,0.46163141993957707
-0.3069486404833837,0.46163141993957707
-0.3021148036253777,0.46163141993957707
-0.2972809667673717,0.46163141993957707
-0.2924471299093656,0.46163141993957707
-0.2876132930513595,0.46163141993957707
-0.28277945619335354,0.46163141993957707
-0.27794561933534745,0.46163141993957707
-0.27311178247734147,0.46163141993957707
-0.2682779456193354,0.46163141993957707
-0.2634441087613294,0.46163141993957707
-0.2586102719033233,0.46163141993957707
-0.2537764350453172,0.46163141993957707
-0.24894259818731124,0.46163141993957707
-0.24410876132930515,0.46163141993957707
-0.23927492447129917,0.46163141993957707
-0.23444108761329308,0.4664652567975831
-0.2296072507552871,0.4664652567975831
-0.224773413897281,0.4664652567975831
-0.2199395770392749,0.4664652567975831
-0.21510574018126893,0.4664652567975831
-0.21027190332326284,0.4664652567975831
-0.20543806646525686,0.4664652567975831
-0.20060422960725077,0.4664652567975831
-0.1957703927492448,0.4664652567975831
=
-0.48096676737160127,0.17643504531722054
-0.47613293051359523,0.17160120845921456
-0.4712990936555892,0.16676737160120847
-0.4712990936555892,0.1619335347432025
-0.4712990936555892,0.1570996978851964
-0.4712990936555892,0.15226586102719042
-0.4712990936555892,0.14743202416918433
-0.4712990936555892,0.14259818731117835
-0.4712990936555892,0.13776435045317226
-0.4712990936555892,0.13293051359516617
-0.4712990936555892,0.1280966767371602
-0.4712990936555892,0.1232628398791541
-0.4712990936555892,0.11842900302114812
-0.4712990936555892,0.11359516616314203
-0.4712990936555892,0.10876132930513605
-0.47613293051359523,0.10392749244712995
-0.47613293051359523,0.09909365558912386
-0.47613293051359523,0.09425981873111788
-0.48096676737160127,0.08942598187311179
-0.4858006042296073,0.08942598187311179
-0.49063444108761334,0.08942598187311179
-0.4954682779456194,0.09425981873111788
-0.5003021148036254,0.09425981873111788
-0.5051359516616314,0.09425981873111788
-0.5099697885196375,0.09909365558912386
-0.5148036253776436,0.09909365558912386
-0.5196374622356497,0.10392749244712995
-0.5244712990936556,0.10392749244712995
-0.5293051359516616,0.10876132930513605
-0.5341389728096677,0.10876132930513605
-0.5389728096676738,0.11359516616314203
-0.5438066465256798,0.11359516616314203
-0.5486404833836859,0.11842900302114812
-0.5534743202416919,0.11842900302114812
-0.5583081570996979,0.11842900302114812
-0.563141993957704,0.1232628398791541
-0.56797583081571,0.1232628398791541
-0.572809667673716,0.1280966767371602
-0.5776435045317221,0.1280966767371602
-0.5824773413897282,0.13293051359516617
-0.5873111782477342,0.13293051359516617
-0.5921450151057402,0.13776435045317226
-0.5969788519637462,0.13776435045317226
-0.6018126888217523,0.14259818731117835
-0.6066465256797584,0.14259818731117835
-0.6114803625377644,0.14743202416918433
-0.6163141993957704,0.14743202416918433
-0.6211480362537765,0.14743202416918433
-0.6259818731117825,0.15226586102719042
-0.6308157099697885,0.15226586102719042
-0.6356495468277946,0.1570996978851964
-0.6404833836858006,0.1570996978851964
-0.6453172205438067,0.1570996978851964
-0.6501510574018128,0.1619335347432025
-0.6549848942598188,0.1619335347432025
-0.6598187311178249,0.1619335347432025
-0.6646525679758308,0.1619335347432025
-0.6694864048338369,0.16676737160120847
-0.674320241691843,0.16676737160120847
-0.679154078549849,0.16676737160120847
-0.683987915407855,0.17160120845921456
-0.683987915407855,0.17643504531722054
-0.6888217522658611,0.18126888217522663
-0.683987915407855,0.18610271903323272
-0.679154078549849,0.18610271903323272
-0.674320241691843,0.18610271903323272
-0.6694864048338369,0.18610271903323272
-0.6646525679758308,0.18610271903323272
-0.6598187311178249,0.18610271903323272
-0.6549848942598188,0.18610271903323272
-0.6501510574018128,0.18610271903323272
-0.6453172205438067,0.18610271903323272
-0.6404833836858006,0.18610271903323272
-0.6356495468277946,0.18610271903323272
-0.6308157099697885,0.18610271903323272
-0.6259818731117825,0.18610271903323272
-0.6211480362537765,0.18610271903323272
-0.6163141993957704,0.18610271903323272
-0.6114803625377644,0.18610271903323272
-0.6066465256797584,0.18610271903323272
-0.6018126888217523,0.18610271903323272
-0.5969788519637462,0.18610271903323272
-0.5921450151057402,0.18610271903323272
-0.5873111782477342,0.18610271903323272
-0.5824773413897282,0.18610271903323272
-0.5776435045317221,0.18610271903323272
-0.572809667673716,0.18610271903323272
-0.56797583081571,0.18610271903323272
-0.563141993957704,0.18610271903323272
-0.5583081570996979,0.18610271903323272
-0.5534743202416919,0.18610271903323272
-0.5486404833836859,0.18610271903323272
-0.5438066465256798,0.18610271903323272
-0.5389728096676738,0.18610271903323272
-0.5341389728096677,0.18610271903323272
-0.5293051359516616,0.18610271903323272
-0.5244712990936556,0.18610271903323272
-0.5196374622356497,0.18610271903323272
-0.5148036253776436,0.18610271903323272
-0.5099697885196375,0.18610271903323272
-0.5051359516616314,0.18610271903323272
-0.5003021148036254,0.18126888217522663
-0.4954682779456194,0.18126888217522663
-0.49063444108761334,0.18126888217522663
=
-0.6501510574018128,0.13776435045317226
-0.6501510574018128,0.13293051359516617
-0.6453172205438067,0.1280966767371602
-0.6501510574018128,0.1232628398791541
-0.6453172205438067,0.11842900302114812
-0.6453172205438067,0.11359516616314203
-0.6404833836858006,0.10876132930513605
-0.6356495468277946,0.10392749244712995
-0.6308157099697885,0.09909365558912386
-0.6308157099697885,0.09425981873111788
-0.6259818731117825,0.08942598187311179
-0.6211480362537765,0.08459214501510581
-0.6163141993957704,0.07975830815709972
-0.6114803625377644,0.07492447129909374
-0.6114803625377644,0.07009063444108765
-0.6066465256797584,0.06525679758308156
-0.6018126888217523,0.06042296072507558
-0.6018126888217523,0.05558912386706949
-0.5969788519637462,0.05075528700906351
-0.5921450151057402,0.04592145015105742
-0.5873111782477342,0.04108761329305144
-0.5873111782477342,0.03625377643504535
-0.5824773413897282,0.03141993957703937
-0.5776435045317221,0.026586102719033278
-0.5776435045317221,0.021752265861027187
-0.572809667673716,0.016918429003021207
-0.56797583081571,0.012084592145015116
-0.56797583081571,0.007250755287009136
-0.563141993957704,0.0024169184290030454
-0.5583081570996979,-0.0024169184290029344
-0.5583081570996979,-0.007250755287009025
-0.5534743202416919,-0.012084592145015005
-0.5486404833836859,-0.016918429003021096
-0.5486404833836859,-0.021752265861027187
-0.5438066465256798,-0.026586102719033167
-0.5389728096676738,-0.03141993957703926
-0.5341389728096677,-0.03141993957703926
-0.5293051359516616,-0.03141993957703926
-0.5244712990936556,-0.03141993957703926
-0.5196374622356497,-0.026586102719033167
-0.5148036253776436,-0.026586102719033167
-0.5099697885196375,-0.021752265861027187
-0.5051359516616314,-0.021752265861027187
-0.5003021148036254,-0.016918429003021096
-0.4954682779456194,-0.016918429003021096
-0.49063444108761334,-0.012084592145015005
-0.4858006042296073,-0.012084592145015005
-0.48096676737160127,-0.007250755287009025
-0.47613293051359523,-0.007250755287009025
-0.4712990936555892,-0.0024169184290029344
-0.4664652567975831,0.0024169184290030454
-0.4664652567975831,0.007250755287009136
-0.4664652567975831,0.012084592145015116
-0.4664652567975831,0.016918429003021207
-0.4664652567975831,0.021752265861027187
-0.4664652567975831,0.026586102719033278
-0.4712990936555892,0.03141993957703937
-0.4712990936555892,0.03625377643504535
-0.4712990936555892,0.04108761329305144
-0.47613293051359523,0.04592145015105742
-0.48096676737160127,0.04592145015105742
-0.4858006042296073,0.05075528700906351
-0.49063444108761334,0.05558912386706949
-0.4954682779456194,0.05558912386706949
-0.5003021148036254,0.05558912386706949
-0.5051359516616314,0.06042296072507558
-0.5099697885196375,0.06042296072507558
-0.5148036253776436,0.06525679758308156
-0.5196374622356497,0.06525679758308156
-0.5244712990936556,0.07009063444108765
-0.5293051359516616,0.07009063444108765
-0.5341389728096677,0.07492447129909374
-0.5389728096676738,0.07492447129909374
-0.5438066465256798,0.07975830815709972
-0.5486404833836859,0.07975830815709972
-0.5534743202416919,0.08459214501510581
-0.5583081570996979,0.08459214501510581
-0.563141993957704,0.08942598187311179
-0.56797583081571,0.08942598187311179
-0.572809667673716,0.09425981873111788
-0.5776435045317221,0.09425981873111788
-0.5824773413897282,0.09909365558912386
-0.5873111782477342,0.09909365558912386
-0.5921450151057402,0.10392749244712995
-0.5969788519637462,0.10392749244712995
-0.6018126888217523,0.10876132930513605
-0.6066465256797584,0.10876132930513605
-0.6114803625377644,0.11359516616314203
-0.6163141993957704,0.11359516616314203
-0.6211480362537765,0.11842900302114812
-0.6259818731117825,0.11842900302114812
-0.6308157099697885,0.1232628398791541
-0.6356495468277946,0.1232628398791541
=
-0.5003021148036254,-0.05558912386706949
-0.4954682779456194,-0.0507552870090634
-0.49063444108761334,-0.0507552870090634
-0.4858006042296073,-0.04592145015105731
-0.48096676737160127,-0.04592145015105731
-0.47613293051359523,-0.04108761329305133
-0.4712990936555892,-0.04108761329305133
-0.4664652567975831,-0.03625377643504524
-0.46163141993957707,-0.03141993957703926
-0.45679758308157103,-0.03141993957703926
-0.451963746223565,-0.026586102719033167
-0.44712990936555896,-0.026586102719033167
-0.44229607250755293,-0.026586102719033167
-0.4374622356495469,-0.021752265861027187
-0.4326283987915408,-0.026586102719033167
-0.42779456193353477,-0.026586102719033167
-0.42296072507552873,-0.026586102719033167
-0.4181268882175227,-0.03141993957703926
-0.41329305135951666,-0.03141993957703926
-0.4084592145015106,-0.03625377643504524
-0.4036253776435046,-0.03625377643504524
-0.39879154078549855,-0.03625377643504524
-0.3939577039274925,-0.03625377643504524
-0.38912386706948643,-0.04108761329305133
-0.3842900302114804,-0.04108761329305133
-0.37945619335347436,-0.04108761329305133
-0.3746223564954683,-0.04108761329305133
-0.3697885196374623,-0.04108761329305133
-0.36495468277945625,-0.04108761329305133
-0.3601208459214502,-0.03625377643504524
-0.3552870090634441,-0.03625377643504524
-0.3504531722054381,-0.03625377643504524
-0.34561933534743206,-0.03141993957703926
-0.340785498489426,-0.03141993957703926
-0.33595166163142,-0.03141993957703926
-0.33111782477341395,-0.026586102719033167
-0.3262839879154079,-0.026586102719033167
-0.3214501510574019,-0.03141993957703926
-0.31661631419939584,-0.03141993957703926
-0.31178247734138975,-0.03141993957703926
-0.3069486404833837,-0.03625377643504524
-0.3021148036253777,-0.03625377643504524
-0.2972809667673717,-0.04108761329305133
-0.2924471299093656,-0.04108761329305133
-0.2876132930513595,-0.04108761329305133
-0.28277945619335354,-0.04592145015105731
-0.27794561933534745,-0.04592145015105731
-0.27311178247734147,-0.0507552870090634
-0.2682779456193354,-0.0507552870090634
-0.2634441087613294,-0.0507552870090634
-0.2586102719033233,-0.05558912386706949
-0.2537764350453172,-0.05558912386706949
-0.24894259818731124,-0.06042296072507547
-0.24410876132930515,-0.06525679758308156
-0.24894259818731124,-0.07009063444108754
-0.24894259818731124,-0.07492447129909363
-0.2537764350453172,-0.07975830815709961
-0.2586102719033233,-0.07975830815709961
-0.2634441087613294,-0.0845921450151057
-0.2682779456193354,-0.0845921450151057
-0.27311178247734147,-0.08942598187311179
-0.27794561933534745,-0.08942598187311179
-0.28277945619335354,-0.09425981873111777
-0.2876132930513595,-0.09425981873111777
-0.2924471299093656,-0.09909365558912386
-0.2972809667673717,-0.09909365558912386
-0.3021148036253777,-0.10392749244712984
-0.3069486404833837,-0.10392749244712984
-0.31178247734138975,-0.10876132930513593
-0.31661631419939584,-0.10876132930513593
-0.3214501510574019,-0.11359516616314191
-0.3262839879154079,-0.11359516616314191
-0.33111782477341395,-0.118429003021148
-0.33595166163142,-0.118429003021148
-0.340785498489426,-0.12326283987915398
-0.34561933534743206,-0.12326283987915398
-0.3504531722054381,-0.12809667673716008
-0.3552870090634441,-0.12809667673716008
-0.3601208459214502,-0.13293051359516617
-0.36495468277945625,-0.13776435045317215
-0.3697885196374623,-0.13776435045317215
-0.3746223564954683,-0.14259818731117824
-0.37945619335347436,-0.14259818731117824
-0.3842900302114804,-0.14259818731117824
-0.38912386706948643,-0.14259818731117824
-0.3939577039274925,-0.14259818731117824
-0.39879154078549855,-0.14259818731117824
-0.4036253776435046,-0.14259818731117824
-0.4084592145015106,-0.14259818731117824
-0.41329305135951666,-0.13776435045317215
-0.4181268882175227,-0.13776435045317215
-0.42296072507552873,-0.13293051359516617
-0.42779456193353477,-0.13293051359516617
-0.4326283987915408,-0.12809667673716008
-0.4374622356495469,-0.12809667673716008
-0.44229607250755293,-0.12326283987915398
-0.44712990936555896,-0.12326283987915398
-0.451963746223565,-0.12326283987915398
-0.45679758308157103,-0.118429003021148
-0.46163141993957707,-0.118429003021148
-0.4664652567975831,-0.11359516616314191
-0.4712990936555892,-0.11359516616314191
-0.47613293051359523,-0.10876132930513593
-0.48096676737160127,-0.10876132930513593
-0.4858006042296073,-0.10392749244712984
-0.49063444108761334,-0.10392749244712984
-0.4954682779456194,-0.09909365558912386
-0.4954682779456194,-0.09425981873111777
-0.5003021148036254,-0.08942598187311179
-0.5051359516616314,-0.0845921450151057
-0.5051359516616314,-0.07975830815709961
-0.5099697885196375,-0.07492447129909363
-0.5099697885196375,-0.07009063444108754
-0.5099697885196375,-0.06525679758308156
-0.5099697885196375,-0.06042296072507547
=
-0.451963746223565,-0.16676737160120836
-0.451963746223565,-0.17160120845921445
-0.44712990936555896,-0.17643504531722054
-0.44229607250755293,-0.18126888217522652
-0.44229607250755293,-0.1861027190332326
-0.4374622356495469,-0.1909365558912386
-0.4326283987915408,-0.19577039274924468
-0.42779456193353477,-0.20060422960725077
-0.42296072507552873,-0.20543806646525664
-0.4181268882175227,-0.21027190332326273
-0.41329305135951666,-0.21510574018126882
-0.4084592145015106,-0.2199395770392749
-0.4084592145015106,-0.224773413897281
-0.4036253776435046,-0.22960725075528687
-0.39879154078549855,-0.23444108761329296
-0.39879154078549855,-0.23927492447129906
-0.3939577039274925,-0.24410876132930515
-0.38912386706948643,-0.24894259818731124
-0.38912386706948643,-0.2537764350453171
-0.3842900302114804,-0.2586102719033232
-0.37945619335347436,-0.2634441087613293
-0.3746223564954683,-0.2682779456193354
-0.3746223564954683,-0.27311178247734125
-0.3697885196374623,-0.27794561933534734
-0.36495468277945625,-0.28277945619335343
-0.3601208459214502,-0.2876132930513595
-0.3552870090634441,-0.2876132930513595
-0.3504531722054381,-0.2876132930513595
-0.34561933534743206,-0.2876132930513595
-0.340785498489426,-0.2876132930513595
-0.33595166163142,-0.28277945619335343
-0.33111782477341395,-0.28277945619335343
-0.3262839879154079,-0.27794561933534734
-0.3214501510574019,-0.27794561933534734
-0.31661631419939584,-0.27311178247734125
-0.31178247734138975,-0.27311178247734125
-0.3069486404833837,-0.2682779456193354
-0.3021148036253777,-0.2682779456193354
-0.2972809667673717,-0.2634441087613293
-0.2924471299093656,-0.2634441087613293
-0.2876132930513595,-0.2586102719033232
-0.28277945619335354,-0.2586102719033232
-0.27794561933534745,-0.2537764350453171
-0.27311178247734147,-0.24894259818731124
-0.2682779456193354,-0.24410876132930515
-0.2682779456193354,-0.23927492447129906
-0.27311178247734147,-0.23444108761329296
-0.27794561933534745,-0.23444108761329296
-0.28277945619335354,-0.22960725075528687
-0.2876132930513595,-0.22960725075528687
-0.2924471299093656,-0.22960725075528687
-0.2972809667673717,-0.224773413897281
-0.3021148036253777,-0.224773413897281
-0.3069486404833837,-0.2199395770392749
-0.31178247734138975,-0.2199395770392749
-0.31661631419939584,-0.21510574018126882
-0.3214501510574019,-0.21510574018126882
-0.3262839879154079,-0.21027190332326273
-0.33111782477341395,-0.21027190332326273
-0.33595166163142,-0.21027190332326273
-0.340785498489426,-0.20543806646525664
-0.34561933534743206,-0.20543806646525664
-0.3504531722054381,-0.20060422960725077
-0.3552870090634441,-0.20060422960725077
-0.3601208459214502,-0.19577039274924468
-0.36495468277945625,-0.19577039274924468
-0.3697885196374623,-0.1909365558912386
-0.3746223564954683,-0.1909365558912386
-0.37945619335347436,-0.1861027190332326
-0.3842900302114804,-0.1861027190332326
-0.38912386706948643,-0.1861027190332326
-0.3939577039274925,-0.1861027190332326
-0.39879154078549855,-0.1861027190332326
-0.4036253776435046,-0.1861027190332326
-0.4084592145015106,-0.1861027190332326
-0.41329305135951666,-0.1861027190332326
-0.4181268882175227,-0.18126888217522652
-0.4181268882175227,-0.17643504531722054
-0.42296072507552873,-0.17160120845921445
-0.42296072507552873,-0.16676737160120836
-0.42779456193353477,-0.16193353474320238
-0.4326283987915408,-0.16193353474320238
-0.4374622356495469,-0.1570996978851963
-0.44229607250755293,-0.1570996978851963
-0.44712990936555896,-0.1522658610271903
-0.451963746223565,-0.1522658610271903
-0.45679758308157103,-0.1570996978851963
=
-0.33595166163142,-0.1522658610271903
-0.33111782477341395,-0.1522658610271903
-0.3262839879154079,-0.14743202416918422
-0.3214501510574019,-0.14743202416918422
-0.31661631419939584,-0.14259818731117824
-0.31178247734138975,-0.14259818731117824
-0.3069486404833837,-0.13776435045317215
-0.3021148036253777,-0.13776435045317215
-0.2972809667673717,-0.13293051359516617
-0.2924471299093656,-0.13293051359516617
-0.2876132930513595,-0.12809667673716008
-0.28277945619335354,-0.12809667673716008
-0.27794561933534745,-0.12326283987915398
-0.27311178247734147,-0.12326283987915398
-0.2682779456193354,-0.118429003021148
-0.2634441087613294,-0.118429003021148
-0.2586102719033233,-0.11359516616314191
-0.2537764350453172,-0.11359516616314191
-0.24894259818731124,-0.10876132930513593
-0.24410876132930515,-0.10876132930513593
-0.23927492447129917,-0.10392749244712984
-0.23444108761329308,-0.10392749244712984
-0.2296072507552871,-0.09909365558912386
-0.224773413897281,-0.09425981873111777
-0.2199395770392749,-0.09425981873111777
-0.21510574018126893,-0.08942598187311179
-0.21027190332326284,-0.08942598187311179
-0.20543806646525686,-0.0845921450151057
-0.20060422960725077,-0.0845921450151057
-0.1957703927492448,-0.0845921450151057
-0.1909365558912387,-0.08942598187311179
-0.18610271903323272,-0.08942598187311179
-0.18126888217522663,-0.08942598187311179
-0.17643504531722054,-0.09425981873111777
-0.17160120845921456,-0.09425981873111777
-0.16676737160120847,-0.09909365558912386
-0.1619335347432025,-0.09909365558912386
-0.1570996978851964,-0.10392749244712984
-0.15226586102719042,-0.10392749244712984
-0.14743202416918433,-0.10876132930513593
-0.14259818731117835,-0.10876132930513593
-0.13776435045317226,-0.11359516616314191
-0.13293051359516617,-0.11359516616314191
-0.1280966767371602,-0.118429003021148
-0.1232628398791541,-0.118429003021148
-0.11842900302114812,-0.12326283987915398
-0.11359516616314203,-0.12326283987915398
-0.10876132930513605,-0.12326283987915398
-0.10392749244712995,-0.12809667673716008
-0.09909365558912386,-0.12809667673716008
-0.09425981873111788,-0.13293051359516617
-0.08942598187311179,-0.13293051359516617
-0.08459214501510581,-0.13776435045317215
-0.07975830815709972,-0.14259818731117824
-0.07975830815709972,-0.14743202416918422
-0.08459214501510581,-0.1522658610271903
-0.08942598187311179,-0.1570996978851963
-0.09425981873111788,-0.1570996978851963
-0.09909365558912386,-0.16193353474320238
-0.10392749244712995,-0.16193353474320238
-0.10876132930513605,-0.16676737160120836
-0.11359516616314203,-0.16676737160120836
-0.11842900302114812,-0.17160120845921445
-0.1232628398791541,-0.17160120845921445
-0.1280966767371602,-0.17643504531722054
-0.13293051359516617,-0.17643504531722054
-0.13776435045317226,-0.18126888217522652
-0.14259818731117835,-0.18126888217522652
-0.14743202416918433,-0.1861027190332326
-0.15226586102719042,-0.1861027190332326
-0.1570996978851964,-0.1909365558912386
-0.1619335347432025,-0.1909365558912386
-0.16676737160120847,-0.19577039274924468
-0.17160120845921456,-0.19577039274924468
-0.17643504531722054,-0.20060422960725077
-0.18126888217522663,-0.20060422960725077
-0.18610271903323272,-0.20543806646525664
-0.1909365558912387,-0.21027190332326273
-0.1957703927492448,-0.21027190332326273
-0.20060422960725077,-0.21510574018126882
-0.20543806646525686,-0.21510574018126882
-0.21027190332326284,-0.2199395770392749
-0.21510574018126893,-0.2199395770392749
-0.2199395770392749,-0.2199395770392749
-0.224773413897281,-0.2199395770392749
-0.2296072507552871,-0.2199395770392749
-0.23444108761329308,-0.2199395770392749
-0.23927492447129917,-0.2199395770392749
-0.24410876132930515,-0.21510574018126882
-0.24894259818731124,-0.21510574018126882
-0.2537764350453172,-0.21027190332326273
-0.2586102719033233,-0.21027190332326273
-0.2634441087613294,-0.20543806646525664
-0.2682779456193354,-0.20543806646525664
-0.27311178247734147,-0.20060422960725077
-0.27794561933534745,-0.20060422960725077
-0.28277945619335354,-0.19577039274924468
-0.2876132930513595,-0.19577039274924468
-0.2924471299093656,-0.1909365558912386
-0.2972809667673717,-0.1909365558912386
-0.3021148036253777,-0.1861027190332326
-0.3069486404833837,-0.1861027190332326
-0.31178247734138975,-0.1861027190332326
-0.31661631419939584,-0.18126888217522652
-0.3214501510574019,-0.18126888217522652
-0.3262839879154079,-0.17643504531722054
-0.33111782477341395,-0.17643504531722054
-0.33595166163142,-0.17160120845921445
-0.340785498489426,-0.17160120845921445
-0.34561933534743206,-0.16676737160120836
-0.34561933534743206,-0.16193353474320238
=
-0.24894259818731124,-0.27311178247734125
-0.24410876132930515,-0.2682779456193354
-0.23927492447129917,-0.2682779456193354
-0.23444108761329308,-0.2634441087613293
-0.2296072507552871,-0.2634441087613293
-0.224773413897281,-0.2634441087613293
-0.2199395770392749,-0.2634441087613293
-0.21510574018126893,-0.2634441087613293
-0.21027190332326284,-0.2634441087613293
-0.20543806646525686,-0.2682779456193354
-0.20060422960725077,-0.2682779456193354
-0.1957703927492448,-0.27311178247734125
-0.1909365558912387,-0.27311178247734125
-0.18610271903323272,-0.27794561933534734
-0.18126888217522663,-0.27794561933534734
-0.17643504531722054,-0.28277945619335343
-0.17160120845921456,-0.28277945619335343
-0.16676737160120847,-0.28277945619335343
-0.1619335347432025,-0.2876132930513595
-0.1570996978851964,-0.2876132930513595
-0.15226586102719042,-0.2924471299093656
-0.14743202416918433,-0.2924471299093656
-0.14259818731117835,-0.2972809667673715
-0.13776435045317226,-0.2972809667673715
-0.13293051359516617,-0.30211480362537757
-0.1280966767371602,-0.30211480362537757
-0.1232628398791541,-0.30694864048338366
-0.11842900302114812,-0.30694864048338366
-0.11359516616314203,-0.31178247734138975
-0.10876132930513605,-0.31178247734138975
-0.10392749244712995,-0.3166163141993956
-0.09909365558912386,-0.3166163141993956
-0.09425981873111788,-0.3166163141993956
-0.08942598187311179,-0.3214501510574017
-0.08459214501510581,-0.3214501510574017
-0.07975830815709972,-0.3262839879154078
-0.07492447129909374,-0.3311178247734139
-0.07492447129909374,-0.33595166163142
-0.07975830815709972,-0.34078549848942585
-0.08459214501510581,-0.34561933534743194
-0.08942598187311179,-0.35045317220543803
-0.09425981873111788,-0.35045317220543803
-0.09909365558912386,-0.3552870090634441
-0.10392749244712995,-0.3552870090634441
-0.10876132930513605,-0.3601208459214502
-0.11359516616314203,-0.3601208459214502
-0.11842900302114812,-0.3649546827794561
-0.1232628398791541,-0.3649546827794561
-0.1280966767371602,-0.3697885196374622
-0.13293051359516617,-0.3697885196374622
-0.13776435045317226,-0.37462235649546827
-0.14259818731117835,-0.37945619335347436
-0.14743202416918433,-0.37945619335347436
-0.15226586102719042,-0.3842900302114802
-0.1570996978851964,-0.3842900302114802
-0.1619335347432025,-0.3891238670694863
-0.16676737160120847,-0.3939577039274924
-0.17160120845921456,-0.3939577039274924
-0.17643504531722054,-0.3987915407854985
-0.18126888217522663,-0.3987915407854985
-0.18610271903323272,-0.3987915407854985
-0.1909365558912387,-0.3987915407854985
-0.1957703927492448,-0.3987915407854985
-0.20060422960725077,-0.3987915407854985
-0.20543806646525686,-0.3939577039274924
-0.21027190332326284,-0.3939577039274924
-0.21510574018126893,-0.3891238670694863
-0.2199395770392749,-0.3891238670694863
-0.224773413897281,-0.3842900302114802
-0.2296072507552871,-0.3842900302114802
-0.23444108761329308,-0.37945619335347436
-0.23927492447129917,-0.37945619335347436
-0.24410876132930515,-0.37945619335347436
-0.24894259818731124,-0.37462235649546827
-0.2537764350453172,-0.37462235649546827
-0.2586102719033233,-0.3697885196374622
-0.2634441087613294,-0.3697885196374622
-0.2682779456193354,-0.3649546827794561
-0.27311178247734147,-0.3649546827794561
-0.27794561933534745,-0.3649546827794561
-0.28277945619335354,-0.3601208459214502
-0.2876132930513595,-0.3601208459214502
-0.2924471299093656,-0.3601208459214502
-0.2972809667673717,-0.3552870090634441
-0.3021148036253777,-0.3552870090634441
-0.3069486404833837,-0.3552870090634441
-0.31178247734138975,-0.3552870090634441
-0.31661631419939584,-0.35045317220543803
-0.3214501510574019,-0.35045317220543803
-0.3262839879154079,-0.34561933534743194
-0.3262839879154079,-0.34078549848942585
-0.3262839879154079,-0.33595166163142
-0.33111782477341395,-0.3311178247734139
-0.33111782477341395,-0.3262839879154078
-0.33111782477341395,-0.3214501510574017
-0.3262839879154079,-0.3166163141993956
-0.3214501510574019,-0.31178247734138975
-0.31661631419939584,-0.31178247734138975
-0.31178247734138975,-0.30694864048338366
-0.3069486404833837,-0.30694864048338366
-0.3021148036253777,-0.30211480362537757
-0.2972809667673717,-0.30211480362537757
-0.2924471299093656,-0.2972809667673715
-0.2876132930513595,-0.2924471299093656
-0.28277945619335354,-0.2924471299093656
-0.27794561933534745,-0.2876132930513595
-0.27311178247734147,-0.2876132930513595
-0.2682779456193354,-0.28277945619335343
-0.2634441087613294,-0.28277945619335343
-0.2586102719033233,-0.27794561933534734
=
-0.17643504531722054,-0.24410876132930515
-0.17160120845921456,-0.24894259818731124
-0.16676737160120847,-0.24894259818731124
-0.1619335347432025,-0.2537764350453171
-0.1570996978851964,-0.2537764350453171
-0.15226586102719042,-0.2586102719033232
-0.14743202416918433,-0.2586102719033232
-0.14259818731117835,-0.2634441087613293
-0.13776435045317226,-0.2634441087613293
-0.13293051359516617,-0.2682779456193354
-0.1280966767371602,-0.2682779456193354
-0.1232628398791541,-0.2682779456193354
-0.11842900302114812,-0.27311178247734125
-0.11359516616314203,-0.27311178247734125
-0.10876132930513605,-0.27794561933534734
-0.10392749244712995,-0.27794561933534734
-0.09909365558912386,-0.28277945619335343
-0.09425981873111788,-0.28277945619335343
-0.08942598187311179,-0.2876132930513595
-0.08459214501510581,-0.2876132930513595
-0.07975830815709972,-0.2924471299093656
-0.07492447129909374,-0.2924471299093656
-0.07009063444108765,-0.2972809667673715
-0.06525679758308156,-0.2972809667673715
-0.06042296072507558,-0.30211480362537757
-0.05558912386706949,-0.30211480362537757
-0.05075528700906351,-0.30694864048338366
-0.04592145015105742,-0.30694864048338366
-0.04108761329305144,-0.31178247734138975
-0.03625377643504535,-0.31178247734138975
-0.03141993957703937,-0.31178247734138975
-0.026586102719033278,-0.31178247734138975
-0.021752265861027187,-0.31178247734138975
-0.016918429003021207,-0.31178247734138975
-0.012084592145015116,-0.30694864048338366
-0.007250755287009136,-0.30694864048338366
-0.0024169184290030454,-0.30211480362537757
0.0024169184290029344,-0.30211480362537757
0.007250755287009025,-0.2972809667673715
0.012084592145015005,-0.2924471299093656
0.016918429003021096,-0.2924471299093656
0.021752265861027187,-0.2876132930513595
0.026586102719033167,-0.2876132930513595
0.03141993957703926,-0.28277945619335343
0.03625377643504524,-0.28277945619335343
0.04108761329305133,-0.27794561933534734
0.04592145015105731,-0.27311178247734125
0.0507552870090634,-0.27311178247734125
0.05558912386706949,-0.2682779456193354
0.06042296072507547,-0.2682779456193354
0.06525679758308156,-0.2634441087613293
0.07009063444108754,-0.2634441087613293
0.07492447129909363,-0.2586102719033232
0.07975830815709961,-0.2586102719033232
0.0845921450151057,-0.2537764350453171
0.08942598187311179,-0.2537764350453171
0.09425981873111777,-0.24894259818731124
0.09909365558912386,-0.24894259818731124
0.10392749244712984,-0.24410876132930515
0.10876132930513593,-0.23927492447129906
0.11359516616314191,-0.23444108761329296
0.11359516616314191,-0.22960725075528687
0.10876132930513593,-0.224773413897281
0.10392749244712984,-0.224773413897281
0.09909365558912386,-0.224773413897281
0.09425981873111777,-0.2199395770392749
0.08942598187311179,-0.2199395770392749
0.0845921450151057,-0.21510574018126882
0.07975830815709961,-0.21510574018126882
0.07492447129909363,-0.21027190332326273
0.07009063444108754,-0.21027190332326273
0.06525679758308156,-0.20543806646525664
0.06042296072507547,-0.20543806646525664
0.05558912386706949,-0.20060422960725077
0.0507552870090634,-0.20060422960725077
0.04592145015105731,-0.20060422960725077
0.04108761329305133,-0.19577039274924468
0.03625377643504524,-0.19577039274924468
0.03141993957703926,-0.1909365558912386
0.026586102719033167,-0.1909365558912386
0.021752265861027187,-0.1861027190332326
0.016918429003021096,-0.1861027190332326
0.012084592145015005,-0.18126888217522652
0.007250755287009025,-0.18126888217522652
0.0024169184290029344,-0.17643504531722054
-0.0024169184290030454,-0.17643504531722054
-0.007250755287009136,-0.17160120845921445
-0.012084592145015116,-0.17160120845921445
-0.016918429003021207,-0.16676737160120836
-0.021752265861027187,-0.16676737160120836
-0.026586102719033278,-0.16193353474320238
-0.03141993957703937,-0.16193353474320238
-0.03625377643504535,-0.16193353474320238
-0.04108761329305144,-0.16193353474320238
-0.04592145015105742,-0.16676737160120836
-0.05075528700906351,-0.16676737160120836
-0.05558912386706949,-0.17160120845921445
-0.06042296072507558,-0.17160120845921445
-0.06525679758308156,-0.17643504531722054
-0.07009063444108765,-0.18126888217522652
-0.07492447129909374,-0.18126888217522652
-0.07975830815709972,-0.1861027190332326
-0.08459214501510581,-0.1861027190332326
-0.08942598187311179,-0.1909365558912386
-0.09425981873111788,-0.1909365558912386
-0.09909365558912386,-0.19577039274924468
-0.10392749244712995,-0.19577039274924468
-0.10876132930513605,-0.20060422960725077
-0.11359516616314203,-0.20060422960725077
-0.11842900302114812,-0.20543806646525664
-0.1232628398791541,-0.20543806646525664
-0.1280966767371602,-0.21027190332326273
-0.13293051359516617,-0.21027190332326273
-0.13776435045317226,-0.21510574018126882
-0.14259818731117835,-0.21510574018126882
-0.14743202416918433,-0.2199395770392749
-0.15226586102719042,-0.2199395770392749
-0.1570996978851964,-0.224773413897281
-0.1619335347432025,-0.22960725075528687
-0.16676737160120847,-0.22960725075528687
-0.17160120845921456,-0.23444108761329296
-0.17643504531722054,-0.23444108761329296
=
-0.10392749244712995,-0.09425981873111777
-0.09909365558912386,-0.09425981873111777
-0.09425981873111788,-0.09909365558912386
-0.08942598187311179,-0.09909365558912386
-0.08459214501510581,-0.09909365558912386
-0.07975830815709972,-0.10392749244712984
-0.07492447129909374,-0.10876132930513593
-0.07009063444108765,-0.10876132930513593
-0.06525679758308156,-0.11359516616314191
-0.06042296072507558,-0.11359516616314191
-0.05558912386706949,-0.118429003021148
-0.05075528700906351,-0.118429003021148
-0.04592145015105742,-0.12326283987915398
-0.04108761329305144,-0.12326283987915398
-0.03625377643504535,-0.12326283987915398
-0.03141993957703937,-0.12326283987915398
-0.026586102719033278,-0.12326283987915398
-0.021752265861027187,-0.118429003021148
-0.016918429003021207,-0.118429003021148
-0.012084592145015116,-0.118429003021148
-0.007250755287009136,-0.11359516616314191
-0.0024169184290030454,-0.10876132930513593
0.0024169184290029344,-0.10876132930513593
0.007250755287009025,-0.10392749244712984
0.012084592145015005,-0.10392749244712984
0.016918429003021096,-0.09909365558912386
0.021752265861027187,-0.09909365558912386
0.026586102719033167,-0.09425981873111777
0.03141993957703926,-0.08942598187311179
0.03625377643504524,-0.08942598187311179
0.04108761329305133,-0.0845921450151057
0.04592145015105731,-0.0845921450151057
0.0507552870090634,-0.07975830815709961
0.05558912386706949,-0.07975830815709961
0.06042296072507547,-0.07492447129909363
0.06525679758308156,-0.07492447129909363
0.07009063444108754,-0.07009063444108754
0.07492447129909363,-0.07009063444108754
0.07975830815709961,-0.06525679758308156
0.0845921450151057,-0.06525679758308156
0.08942598187311179,-0.06042296072507547
0.09425981873111777,-0.05558912386706949
0.09425981873111777,-0.0507552870090634
0.08942598187311179,-0.04592145015105731
0.0845921450151057,-0.04108761329305133
0.07975830815709961,-0.04108761329305133
0.07492447129909363,-0.03625377643504524
0.07009063444108754,-0.03625377643504524
0.06525679758308156,-0.03625377643504524
0.06042296072507547,-0.03141993957703926
0.05558912386706949,-0.03141993957703926
0.0507552870090634,-0.026586102719033167
0.04592145015105731,-0.026586102719033167
0.04108761329305133,-0.021752265861027187
0.03625377643504524,-0.021752265861027187
0.03141993957703926,-0.016918429003021096
0.026586102719033167,-0.016918429003021096
0.021752265861027187,-0.012084592145015005
0.016918429003021096,-0.012084592145015005
0.012084592145015005,-0.007250755287009025
0.007250755287009025,-0.007250755287009025
0.0024169184290029344,-0.0024169184290029344
-0.0024169184290030454,-0.0024169184290029344
-0.007250755287009136,0.0024169184290030454
-0.012084592145015116,0.0024169184290030454
-0.016918429003021207,0.0024169184290030454
-0.021752265861027187,0.007250755287009136
-0.026586102719033278,0.0024169184290030454
-0.03141993957703937,0.0024169184290030454
-0.03625377643504535,0.0024169184290030454
-0.04108761329305144,-0.0024169184290029344
-0.04592145015105742,-0.0024169184290029344
-0.05075528700906351,-0.007250755287009025
-0.05558912386706949,-0.007250755287009025
-0.06042296072507558,-0.012084592145015005
-0.06525679758308156,-0.016918429003021096
-0.07009063444108765,-0.016918429003021096
-0.07492447129909374,-0.021752265861027187
-0.07975830815709972,-0.021752265861027187
-0.08459214501510581,-0.026586102719033167
-0.08942598187311179,-0.026586102719033167
-0.09425981873111788,-0.03141993957703926
-0.09909365558912386,-0.03141993957703926
-0.10392749244712995,-0.03625377643504524
-0.10876132930513605,-0.03625377643504524
-0.11359516616314203,-0.04108761329305133
-0.11842900302114812,-0.04108761329305133
-0.1232628398791541,-0.04592145015105731
-0.1280966767371602,-0.04592145015105731
-0.13293051359516617,-0.0507552870090634
-0.13776435045317226,-0.0507552870090634
-0.14259818731117835,-0.05558912386706949
-0.14743202416918433,-0.05558912386706949
-0.15226586102719042,-0.06042296072507547
-0.15226586102719042,-0.06525679758308156
-0.14743202416918433,-0.07009063444108754
-0.14259818731117835,-0.07492447129909363
-0.13776435045317226,-0.07492447129909363
-0.13293051359516617,-0.07975830815709961
-0.1280966767371602,-0.07975830815709961
-0.1232628398791541,-0.0845921450151057
-0.11842900302114812,-0.0845921450151057
-0.11359516616314203,-0.08942598187311179
=
-0.18126888217522663,-0.04108761329305133
-0.17643504531722054,-0.03625377643504524
-0.17160120845921456,-0.03625377643504524
-0.16676737160120847,-0.03141993957703926
-0.1619335347432025,-0.03141993957703926
-0.1570996978851964,-0.026586102719033167
-0.15226586102719042,-0.026586102719033167
-0.14743202416918433,-0.021752265861027187
-0.14259818731117835,-0.016918429003021096
-0.13776435045317226,-0.016918429003021096
-0.13293051359516617,-0.012084592145015005
-0.1280966767371602,-0.012084592145015005
-0.1232628398791541,-0.007250755287009025
-0.11842900302114812,-0.007250755287009025
-0.11359516616314203,-0.0024169184290029344
-0.10876132930513605,-0.0024169184290029344
-0.10392749244712995,0.0024169184290030454
-0.09909365558912386,0.0024169184290030454
-0.09425981873111788,0.007250755287009136
-0.08942598187311179,0.007250755287009136
-0.08459214501510581,0.007250755287009136
-0.07975830815709972,0.012084592145015116
-0.07492447129909374,0.016918429003021207
-0.07009063444108765,0.021752265861027187
-0.07009063444108765,0.026586102719033278
-0.07492447129909374,0.03141993957703937
-0.07975830815709972,0.03141993957703937
-0.08459214501510581,0.03625377643504535
-0.08942598187311179,0.03625377643504535
-0.09425981873111788,0.04108761329305144
-0.09909365558912386,0.04108761329305144
-0.10392749244712995,0.04592145015105742
-0.10876132930513605,0.04592145015105742
-0.11359516616314203,0.05075528700906351
-0.11842900302114812,0.05075528700906351
-0.1232628398791541,0.05075528700906351
-0.1280966767371602,0.05558912386706949
-0.13293051359516617,0.05558912386706949
-0.13776435045317226,0.06042296072507558
-0.14259818731117835,0.06042296072507558
-0.14743202416918433,0.06525679758308156
-0.15226586102719042,0.06525679758308156
-0.1570996978851964,0.07009063444108765
-0.1619335347432025,0.07009063444108765
-0.16676737160120847,0.07492447129909374
-0.17160120845921456,0.07492447129909374
-0.17643504531722054,0.07975830815709972
-0.18126888217522663,0.07975830815709972
-0.18610271903323272,0.08459214501510581
-0.1909365558912387,0.08459214501510581
-0.1957703927492448,0.08459214501510581
-0.20060422960725077,0.08459214501510581
-0.20543806646525686,0.08942598187311179
-0.21027190332326284,0.08942598187311179
-0.21510574018126893,0.08942598187311179
-0.2199395770392749,0.08942598187311179
-0.224773413897281,0.08942598187311179
-0.2296072507552871,0.08942598187311179
-0.23444108761329308,0.08942598187311179
-0.23927492447129917,0.08942598187311179
-0.24410876132930515,0.08459214501510581
-0.24894259818731124,0.08459214501510581
-0.2537764350453172,0.07975830815709972
-0.2586102719033233,0.07975830815709972
-0.2634441087613294,0.07492447129909374
-0.2682779456193354,0.07492447129909374
-0.27311178247734147,0.07009063444108765
-0.27794561933534745,0.07009063444108765
-0.28277945619335354,0.06525679758308156
-0.2876132930513595,0.06525679758308156
-0.2924471299093656,0.06525679758308156
-0.2972809667673717,0.06042296072507558
-0.3021148036253777,0.05558912386706949
-0.3069486404833837,0.05075528700906351
-0.3069486404833837,0.04592145015105742
-0.3069486404833837,0.04108761329305144
-0.3069486404833837,0.03625377643504535
-0.3069486404833837,0.03141993957703937
-0.31178247734138975,0.026586102719033278
-0.31178247734138975,0.021752265861027187
-0.31178247734138975,0.016918429003021207
-0.3069486404833837,0.012084592145015116
-0.3069486404833837,0.007250755287009136
-0.3021148036253777,0.0024169184290030454
-0.2972809667673717,-0.0024169184290029344
-0.2924471299093656,-0.0024169184290029344
-0.2876132930513595,-0.007250755287009025
-0.28277945619335354,-0.007250755287009025
-0.27794561933534745,-0.012084592145015005
-0.27311178247734147,-0.012084592145015005
-0.2682779456193354,-0.016918429003021096
-0.2634441087613294,-0.016918429003021096
-0.2586102719033233,-0.021752265861027187
-0.2537764350453172,-0.021752265861027187
-0.24894259818731124,-0.026586102719033167
-0.24410876132930515,-0.026586102719033167
-0.23927492447129917,-0.026586102719033167
-0.23444108761329308,-0.03141993957703926
-0.2296072507552871,-0.03625377643504524
-0.224773413897281,-0.03625377643504524
-0.2199395770392749,-0.04108761329305133
-0.21510574018126893,-0.04108761329305133
-0.21027190332326284,-0.04108761329305133
-0.20543806646525686,-0.04592145015105731
-0.20060422960725077,-0.04592145015105731
-0.1957703927492448,-0.04592145015105731
-0.1909365558912387,-0.04592145015105731
=
-0.10392749244712995,0.07975830815709972
-0.09909365558912386,0.07975830815709972
-0.09425981873111788,0.07492447129909374
-0.08942598187311179,0.07492447129909374
-0.08459214501510581,0.07009063444108765
-0.07975830815709972,0.07009063444108765
-0.07492447129909374,0.06525679758308156
-0.07009063444108765,0.06525679758308156
-0.06525679758308156,0.06042296072507558
-0.06042296072507558,0.06042296072507558
-0.05558912386706949,0.05558912386706949
-0.05075528700906351,0.05558912386706949
-0.04592145015105742,0.05075528700906351
-0.04108761329305144,0.05075528700906351
-0.03625377643504535,0.04592145015105742
-0.03141993957703937,0.04592145015105742
-0.026586102719033278,0.04592145015105742
-0.021752265861027187,0.04592145015105742
-0.016918429003021207,0.04592145015105742
-0.012084592145015116,0.04592145015105742
-0.007250755287009136,0.04592145015105742
-0.0024169184290030454,0.05075528700906351
0.0024169184290029344,0.05558912386706949
0.007250755287009025,0.05558912386706949
0.012084592145015005,0.06042296072507558
0.016918429003021096,0.06042296072507558
0.021752265861027187,0.06525679758308156
0.026586102719033167,0.06525679758308156
0.03141993957703926,0.07009063444108765
0.03625377643504524,0.07009063444108765
0.04108761329305133,0.07492447129909374
0.04592145015105731,0.07975830815709972
0.0507552870090634,0.07975830815709972
0.05558912386706949,0.08459214501510581
0.06042296072507547,0.08459214501510581
0.06525679758308156,0.08942598187311179
0.07009063444108754,0.08942598187311179
0.07492447129909363,0.09425981873111788
0.07975830815709961,0.09425981873111788
0.0845921450151057,0.09909365558912386
0.08942598187311179,0.09909365558912386
0.09425981873111777,0.10392749244712995
0.09909365558912386,0.10392749244712995
0.10392749244712984,0.10876132930513605
0.10876132930513593,0.10876132930513605
0.11359516616314191,0.11359516616314203
0.11359516616314191,0.11842900302114812
0.10876132930513593,0.1232628398791541
0.10392749244712984,0.1232628398791541
0.09909365558912386,0.1280966767371602
0.09425981873111777,0.1280966767371602
0.08942598187311179,0.13293051359516617
0.0845921450151057,0.13293051359516617
0.07975830815709961,0.13776435045317226
0.07492447129909363,0.13776435045317226
0.07009063444108754,0.14259818731117835
0.06525679758308156,0.14259818731117835
0.06042296072507547,0.14743202416918433
0.05558912386706949,0.14743202416918433
0.0507552870090634,0.15226586102719042
0.04592145015105731,0.15226586102719042
0.04108761329305133,0.1570996978851964
0.03625377643504524,0.1570996978851964
0.03141993957703926,0.1619335347432025
0.026586102719033167,0.1619335347432025
0.021752265861027187,0.16676737160120847
0.016918429003021096,0.16676737160120847
0.012084592145015005,0.16676737160120847
0.007250755287009025,0.17160120845921456
0.0024169184290029344,0.17160120845921456
-0.0024169184290030454,0.17160120845921456
-0.007250755287009136,0.17160120845921456
-0.012084592145015116,0.17160120845921456
-0.016918429003021207,0.17160120845921456
-0.021752265861027187,0.17160120845921456
-0.026586102719033278,0.17160120845921456
-0.03141993957703937,0.17160120845921456
-0.03625377643504535,0.17160120845921456
-0.04108761329305144,0.17160120845921456
-0.04592145015105742,0.17160120845921456
-0.05075528700906351,0.17160120845921456
-0.05558912386706949,0.17160120845921456
-0.06042296072507558,0.17160120845921456
-0.06525679758308156,0.17160120845921456
-0.07009063444108765,0.17160120845921456
-0.07492447129909374,0.17160120845921456
-0.07975830815709972,0.17160120845921456
-0.08459214501510581,0.17160120845921456
-0.08942598187311179,0.17160120845921456
-0.09425981873111788,0.16676737160120847
-0.09909365558912386,0.16676737160120847
-0.10392749244712995,0.16676737160120847
-0.10876132930513605,0.16676737160120847
-0.11359516616314203,0.16676737160120847
-0.11842900302114812,0.1619335347432025
-0.1232628398791541,0.1619335347432025
-0.1280966767371602,0.1570996978851964
-0.13293051359516617,0.1570996978851964
-0.13776435045317226,0.15226586102719042
-0.14259818731117835,0.14743202416918433
-0.14259818731117835,0.14259818731117835
-0.14743202416918433,0.13776435045317226
-0.14743202416918433,0.13293051359516617
-0.14743202416918433,0.1280966767371602
-0.14743202416918433,0.1232628398791541
-0.14743202416918433,0.11842900302114812
-0.14743202416918433,0.11359516616314203
-0.14743202416918433,0.10876132930513605
-0.14259818731117835,0.10392749244712995
-0.13776435045317226,0.09909365558912386
-0.13293051359516617,0.09425981873111788
-0.1280966767371602,0.08942598187311179
-0.1232628398791541,0.08942598187311179
-0.11842900302114812,0.08459214501510581
-0.11359516616314203,0.08459214501510581
=
0.24894259818731124,0.016918429003021207
0.24410876132930515,0.016918429003021207
0.23927492447129906,0.012084592145015116
0.23444108761329296,0.016918429003021207
0.22960725075528687,0.016918429003021207
0.224773413897281,0.021752265861027187
0.2199395770392749,0.021752265861027187
0.21510574018126882,0.021752265861027187
0.21027190332326273,0.021752265861027187
0.20543806646525664,0.026586102719033278
0.20060422960725077,0.026586102719033278
0.19577039274924468,0.03141993957703937
0.1909365558912386,0.03141993957703937
0.1861027190332326,0.03625377643504535
0.18126888217522652,0.04108761329305144
0.17643504531722054,0.04592145015105742
0.17643504531722054,0.05075528700906351
0.17160120845921445,0.05558912386706949
0.17160120845921445,0.06042296072507558
0.16676737160120836,0.06525679758308156
0.16676737160120836,0.07009063444108765
0.16676737160120836,0.07492447129909374
0.16676737160120836,0.07975830815709972
0.16676737160120836,0.08459214501510581
0.16193353474320238,0.08942598187311179
0.1570996978851963,0.09425981873111788
0.1522658610271903,0.09425981873111788
0.14743202416918422,0.09425981873111788
0.14259818731117824,0.09425981873111788
0.13776435045317215,0.08942598187311179
0.13293051359516617,0.08942598187311179
0.12809667673716008,0.08459214501510581
0.12326283987915398,0.08459214501510581
0.118429003021148,0.07975830815709972
0.11359516616314191,0.07492447129909374
0.10876132930513593,0.07492447129909374
0.10392749244712984,0.07009063444108765
0.09909365558912386,0.07009063444108765
0.09425981873111777,0.06525679758308156
0.08942598187311179,0.06525679758308156
0.0845921450151057,0.06042296072507558
0.07975830815709961,0.06042296072507558
0.07492447129909363,0.05558912386706949
0.07009063444108754,0.05558912386706949
0.06525679758308156,0.05075528700906351
0.06042296072507547,0.05075528700906351
0.05558912386706949,0.04592145015105742
0.0507552870090634,0.04592145015105742
0.04592145015105731,0.04108761329305144
0.04108761329305133,0.04108761329305144
0.03625377643504524,0.03625377643504535
0.03141993957703926,0.03625377643504535
0.026586102719033167,0.03141993957703937
0.021752265861027187,0.026586102719033278
0.026586102719033167,0.021752265861027187
0.03141993957703926,0.016918429003021207
0.03625377643504524,0.012084592145015116
0.04108761329305133,0.012084592145015116
0.04592145015105731,0.007250755287009136
0.0507552870090634,0.007250755287009136
0.05558912386706949,0.007250755287009136
0.06042296072507547,0.0024169184290030454
0.06525679758308156,0.0024169184290030454
0.07009063444108754,-0.0024169184290029344
0.07492447129909363,-0.0024169184290029344
0.07975830815709961,-0.007250755287009025
0.0845921450151057,-0.007250755287009025
0.08942598187311179,-0.012084592145015005
0.09425981873111777,-0.012084592145015005
0.09909365558912386,-0.016918429003021096
0.10392749244712984,-0.016918429003021096
0.10876132930513593,-0.021752265861027187
0.11359516616314191,-0.021752265861027187
0.118429003021148,-0.026586102719033167
0.12326283987915398,-0.026586102719033167
0.12809667673716008,-0.03141993957703926
0.13293051359516617,-0.03141993957703926
0.13776435045317215,-0.03141993957703926
0.14259818731117824,-0.03141993957703926
0.14743202416918422,-0.03141993957703926
0.1522658610271903,-0.03141993957703926
0.1570996978851963,-0.026586102719033167
0.16193353474320238,-0.026586102719033167
0.16676737160120836,-0.021752265861027187
0.17160120845921445,-0.021752265861027187
0.17643504531722054,-0.016918429003021096
0.18126888217522652,-0.012084592145015005
0.1861027190332326,-0.012084592145015005
0.1909365558912386,-0.007250755287009025
0.19577039274924468,-0.007250755287009025
0.20060422960725077,-0.0024169184290029344
0.20543806646525664,-0.0024169184290029344
0.21027190332326273,0.0024169184290030454
0.21510574018126882,0.0024169184290030454
=
0.224773413897281,-0.026586102719033167
0.22960725075528687,-0.021752265861027187
0.23444108761329296,-0.021752265861027187
0.23927492447129906,-0.016918429003021096
0.24410876132930515,-0.016918429003021096
0.24894259818731124,-0.012084592145015005
0.2537764350453171,-0.007250755287009025
0.2586102719033232,-0.007250755287009025
0.2634441087613293,-0.0024169184290029344
0.2682779456193354,0.0024169184290030454
0.27311178247734125,0.0024169184290030454
0.27794561933534734,0.007250755287009136
0.28277945619335343,0.007250755287009136
0.2876132930513595,0.012084592145015116
0.2924471299093656,0.012084592145015116
0.2972809667673715,0.016918429003021207
0.30211480362537757,0.016918429003021207
0.30694864048338366,0.016918429003021207
0.31178247734138975,0.021752265861027187
0.3166163141993956,0.021752265861027187
0.3214501510574017,0.021752265861027187
0.3262839879154078,0.021752265861027187
0.3311178247734139,0.016918429003021207
0.33595166163142,0.016918429003021207
0.34078549848942585,0.012084592145015116
0.34561933534743194,0.012084592145015116
0.35045317220543803,0.007250755287009136
0.3552870090634441,0.007250755287009136
0.3601208459214502,0.0024169184290030454
0.3649546827794561,0.0024169184290030454
0.3697885196374622,-0.0024169184290029344
0.37462235649546827,-0.0024169184290029344
0.37945619335347436,-0.007250755287009025
0.3842900302114802,-0.007250755287009025
0.3891238670694863,-0.007250755287009025
0.3939577039274924,-0.012084592145015005
0.3987915407854985,-0.012084592145015005
0.4036253776435046,-0.016918429003021096
0.40845921450151046,-0.016918429003021096
0.41329305135951655,-0.021752265861027187
0.41812688821752264,-0.021752265861027187
0.42296072507552873,-0.026586102719033167
0.4277945619335346,-0.026586102719033167
0.4326283987915407,-0.03141993957703926
0.4374622356495468,-0.03141993957703926
0.4422960725075529,-0.03141993957703926
0.44712990936555896,-0.03625377643504524
0.45196374622356483,-0.03625377643504524
0.4567975830815709,-0.04108761329305133
0.461631419939577,-0.04592145015105731
0.4664652567975831,-0.0507552870090634
0.4664652567975831,-0.05558912386706949
0.461631419939577,-0.06042296072507547
0.4567975830815709,-0.06525679758308156
0.45196374622356483,-0.06525679758308156
0.44712990936555896,-0.06525679758308156
0.4422960725075529,-0.07009063444108754
0.4374622356495468,-0.07009063444108754
0.4326283987915407,-0.07009063444108754
0.4277945619335346,-0.07009063444108754
0.42296072507552873,-0.07492447129909363
0.41812688821752264,-0.07492447129909363
0.41329305135951655,-0.07975830815709961
0.40845921450151046,-0.07975830815709961
0.4036253776435046,-0.0845921450151057
0.3987915407854985,-0.0845921450151057
0.3939577039274924,-0.08942598187311179
0.3891238670694863,-0.09425981873111777
0.3842900302114802,-0.09425981873111777
0.37945619335347436,-0.09909365558912386
0.37462235649546827,-0.09909365558912386
0.3697885196374622,-0.10392749244712984
0.3649546827794561,-0.10392749244712984
0.3601208459214502,-0.10876132930513593
0.3552870090634441,-0.11359516616314191
0.35045317220543803,-0.11359516616314191
0.34561933534743194,-0.118429003021148
0.34078549848942585,-0.118429003021148
0.33595166163142,-0.118429003021148
0.3311178247734139,-0.118429003021148
0.3262839879154078,-0.118429003021148
0.3214501510574017,-0.118429003021148
0.3166163141993956,-0.118429003021148
0.31178247734138975,-0.11359516616314191
0.30694864048338366,-0.11359516616314191
0.30211480362537757,-0.10876132930513593
0.2972809667673715,-0.10876132930513593
0.2924471299093656,-0.10392749244712984
0.2876132930513595,-0.10392749244712984
0.28277945619335343,-0.09909365558912386
0.27794561933534734,-0.09909365558912386
0.27311178247734125,-0.09425981873111777
0.2682779456193354,-0.09425981873111777
0.2634441087613293,-0.09425981873111777
0.2586102719033232,-0.08942598187311179
0.2537764350453171,-0.08942598187311179
0.24894259818731124,-0.0845921450151057
0.24410876132930515,-0.0845921450151057
0.23927492447129906,-0.07975830815709961
0.23444108761329296,-0.07975830815709961
0.22960725075528687,-0.07492447129909363
0.224773413897281,-0.07492447129909363
0.2199395770392749,-0.07009063444108754
0.21510574018126882,-0.07009063444108754
0.21027190332326273,-0.06525679758308156
0.20543806646525664,-0.06525679758308156
0.20060422960725077,-0.06525679758308156
0.19577039274924468,-0.06042296072507547
0.1909365558912386,-0.06042296072507547
0.1861027190332326,-0.05558912386706949
0.1861027190332326,-0.0507552870090634
0.1909365558912386,-0.04592145015105731
0.19577039274924468,-0.04108761329305133
0.20060422960725077,-0.03625377643504524
0.20543806646525664,-0.03625377643504524
0.21027190332326273,-0.03141993957703926
0.21510574018126882,-0.03141993957703926
=
0.14743202416918422,-0.07009063444108754
0.1522658610271903,-0.07492447129909363
0.1570996978851963,-0.07492447129909363
0.16193353474320238,-0.07975830815709961
0.16676737160120836,-0.07975830815709961
0.17160120845921445,-0.0845921450151057
0.17643504531722054,-0.0845921450151057
0.18126888217522652,-0.08942598187311179
0.1861027190332326,-0.08942598187311179
0.1909365558912386,-0.09425981873111777
0.19577039274924468,-0.09425981873111777
0.20060422960725077,-0.09909365558912386
0.20543806646525664,-0.09909365558912386
0.21027190332326273,-0.10392749244712984
0.21510574018126882,-0.10392749244712984
0.2199395770392749,-0.10876132930513593
0.224773413897281,-0.10876132930513593
0.22960725075528687,-0.11359516616314191
0.23444108761329296,-0.11359516616314191
0.23927492447129906,-0.118429003021148
0.24410876132930515,-0.118429003021148
0.24894259818731124,-0.118429003021148
0.2537764350453171,-0.12326283987915398
0.2586102719033232,-0.12326283987915398
0.2634441087613293,-0.12809667673716008
0.2682779456193354,-0.12809667673716008
0.27311178247734125,-0.13293051359516617
0.27794561933534734,-0.13293051359516617
0.28277945619335343,-0.13776435045317215
0.2876132930513595,-0.14259818731117824
0.28277945619335343,-0.14743202416918422
0.27794561933534734,-0.1522658610271903
0.27311178247734125,-0.1570996978851963
0.2682779456193354,-0.1570996978851963
0.2634441087613293,-0.16193353474320238
0.2586102719033232,-0.16193353474320238
0.2537764350453171,-0.16676737160120836
0.24894259818731124,-0.16676737160120836
0.24410876132930515,-0.17160120845921445
0.23927492447129906,-0.17160120845921445
0.23444108761329296,-0.17643504531722054
0.22960725075528687,-0.17643504531722054
0.224773413897281,-0.18126888217522652
0.2199395770392749,-0.18126888217522652
0.21510574018126882,-0.1861027190332326
0.21027190332326273,-0.1861027190332326
0.20543806646525664,-0.1909365558912386
0.20060422960725077,-0.1909365558912386
0.19577039274924468,-0.19577039274924468
0.1909365558912386,-0.20060422960725077
0.1861027190332326,-0.20060422960725077
0.18126888217522652,-0.20543806646525664
0.17643504531722054,-0.20543806646525664
0.17160120845921445,-0.21027190332326273
0.16676737160120836,-0.21027190332326273
0.16193353474320238,-0.21027190332326273
0.1570996978851963,-0.21027190332326273
0.1522658610271903,-0.21027190332326273
0.14743202416918422,-0.21027190332326273
0.14259818731117824,-0.21027190332326273
0.13776435045317215,-0.20543806646525664
0.13293051359516617,-0.20543806646525664
0.12809667673716008,-0.20060422960725077
0.12326283987915398,-0.20060422960725077
0.118429003021148,-0.19577039274924468
0.11359516616314191,-0.19577039274924468
0.10876132930513593,-0.1909365558912386
0.10392749244712984,-0.1909365558912386
0.09909365558912386,-0.1861027190332326
0.09425981873111777,-0.1861027190332326
0.08942598187311179,-0.1861027190332326
0.0845921450151057,-0.18126888217522652
0.07975830815709961,-0.18126888217522652
0.07492447129909363,-0.17643504531722054
0.07009063444108754,-0.17643504531722054
0.06525679758308156,-0.17160120845921445
0.06042296072507547,-0.17160120845921445
0.05558912386706949,-0.16676737160120836
0.0507552870090634,-0.16676737160120836
0.04592145015105731,-0.16193353474320238
0.04108761329305133,-0.16193353474320238
0.03625377643504524,-0.1570996978851963
0.03141993957703926,-0.1570996978851963
0.026586102719033167,-0.1570996978851963
0.021752265861027187,-0.1522658610271903
0.016918429003021096,-0.1522658610271903
0.012084592145015005,-0.14743202416918422
0.012084592145015005,-0.14259818731117824
0.012084592145015005,-0.13776435045317215
0.016918429003021096,-0.13293051359516617
0.021752265861027187,-0.13293051359516617
0.026586102719033167,-0.12809667673716008
0.03141993957703926,-0.12809667673716008
0.03625377643504524,-0.12326283987915398
0.04108761329305133,-0.12326283987915398
0.04592145015105731,-0.118429003021148
0.0507552870090634,-0.118429003021148
0.05558912386706949,-0.11359516616314191
0.06042296072507547,-0.11359516616314191
0.06525679758308156,-0.10876132930513593
0.07009063444108754,-0.10876132930513593
0.07492447129909363,-0.10392749244712984
0.07975830815709961,-0.10392749244712984
0.0845921450151057,-0.09909365558912386
0.08942598187311179,-0.09425981873111777
0.09425981873111777,-0.09425981873111777
0.09909365558912386,-0.08942598187311179
0.10392749244712984,-0.08942598187311179
0.10876132930513593,-0.0845921450151057
0.11359516616314191,-0.07975830815709961
0.118429003021148,-0.07975830815709961
0.12326283987915398,-0.07492447129909363
0.12809667673716008,-0.07492447129909363
0.13293051359516617,-0.07009063444108754
0.13776435045317215,-0.07009063444108754
=
0.22960725075528687,-0.21027190332326273
0.23444108761329296,-0.21027190332326273
0.23927492447129906,-0.20543806646525664
0.24410876132930515,-0.20543806646525664
0.24894259818731124,-0.20060422960725077
0.2537764350453171,-0.20060422960725077
0.2586102719033232,-0.19577039274924468
0.2634441087613293,-0.19577039274924468
0.2682779456193354,-0.1909365558912386
0.27311178247734125,-0.1909365558912386
0.27794561933534734,-0.1861027190332326
0.28277945619335343,-0.1861027190332326
0.2876132930513595,-0.18126888217522652
0.2924471299093656,-0.18126888217522652
0.2972809667673715,-0.17643504531722054
0.30211480362537757,-0.17160120845921445
0.30694864048338366,-0.17160120845921445
0.31178247734138975,-0.16676737160120836
0.3166163141993956,-0.16676737160120836
0.3214501510574017,-0.16193353474320238
0.3262839879154078,-0.16193353474320238
0.3311178247734139,-0.16193353474320238
0.33595166163142,-0.16193353474320238
0.34078549848942585,-0.16193353474320238
0.34561933534743194,-0.16676737160120836
0.35045317220543803,-0.16676737160120836
0.3552870090634441,-0.17160120845921445
0.3601208459214502,-0.17160120845921445
0.3649546827794561,-0.17643504531722054
0.3697885196374622,-0.17643504531722054
0.37462235649546827,-0.18126888217522652
0.37945619335347436,-0.1861027190332326
0.37945619335347436,-0.1909365558912386
0.37945619335347436,-0.19577039274924468
0.37462235649546827,-0.20060422960725077
0.37462235649546827,-0.20543806646525664
0.3697885196374622,-0.21027190332326273
0.3697885196374622,-0.21510574018126882
0.3649546827794561,-0.2199395770392749
0.3649546827794561,-0.224773413897281
0.3601208459214502,-0.22960725075528687
0.3552870090634441,-0.23444108761329296
0.3552870090634441,-0.23927492447129906
0.35045317220543803,-0.24410876132930515
0.35045317220543803,-0.24894259818731124
0.34561933534743194,-0.2537764350453171
0.34078549848942585,-0.2586102719033232
0.34078549848942585,-0.2634441087613293
0.33595166163142,-0.2682779456193354
0.3311178247734139,-0.27311178247734125
0.3311178247734139,-0.27794561933534734
0.3262839879154078,-0.28277945619335343
0.3214501510574017,-0.28277945619335343
0.3166163141993956,-0.28277945619335343
0.31178247734138975,-0.28277945619335343
0.30694864048338366,-0.28277945619335343
0.30211480362537757,-0.28277945619335343
0.2972809667673715,-0.27794561933534734
0.2924471299093656,-0.27794561933534734
0.2876132930513595,-0.27311178247734125
0.28277945619335343,-0.27311178247734125
0.27794561933534734,-0.27311178247734125
0.27311178247734125,-0.2682779456193354
0.2682779456193354,-0.2682779456193354
0.2634441087613293,-0.2634441087613293
0.2586102719033232,-0.2634441087613293
0.2537764350453171,-0.2586102719033232
0.24894259818731124,-0.2586102719033232
0.24410876132930515,-0.2537764350453171
0.23927492447129906,-0.2537764350453171
0.23444108761329296,-0.24894259818731124
0.22960725075528687,-0.24894259818731124
0.224773413897281,-0.24894259818731124
0.2199395770392749,-0.24410876132930515
0.21510574018126882,-0.24410876132930515
0.21027190332326273,-0.23927492447129906
0.20543806646525664,-0.23927492447129906
0.20060422960725077,-0.23444108761329296
0.20060422960725077,-0.22960725075528687
0.20543806646525664,-0.224773413897281
0.21027190332326273,-0.224773413897281
0.21510574018126882,-0.2199395770392749
0.2199395770392749,-0.21510574018126882
=
0.16193353474320238,-0.2537764350453171
0.16676737160120836,-0.2537764350453171
0.17160120845921445,-0.2586102719033232
0.17643504531722054,-0.2586102719033232
0.18126888217522652,-0.2634441087613293
0.1861027190332326,-0.2634441087613293
0.1909365558912386,-0.2682779456193354
0.19577039274924468,-0.2682779456193354
0.20060422960725077,-0.27311178247734125
0.20543806646525664,-0.27311178247734125
0.21027190332326273,-0.27794561933534734
0.21510574018126882,-0.27794561933534734
0.2199395770392749,-0.28277945619335343
0.224773413897281,-0.28277945619335343
0.22960725075528687,-0.2876132930513595
0.23444108761329296,-0.2876132930513595
0.23927492447129906,-0.2924471299093656
0.24410876132930515,-0.2924471299093656
0.24894259818731124,-0.2972809667673715
0.2537764350453171,-0.2972809667673715
0.2586102719033232,-0.2972809667673715
0.2634441087613293,-0.30211480362537757
0.2682779456193354,-0.30211480362537757
0.27311178247734125,-0.30694864048338366
0.27794561933534734,-0.30694864048338366
0.28277945619335343,-0.31178247734138975
0.28277945619335343,-0.3166163141993956
0.28277945619335343,-0.3214501510574017
0.27794561933534734,-0.3262839879154078
0.27311178247734125,-0.3262839879154078
0.2682779456193354,-0.3262839879154078
0.2634441087613293,-0.3311178247734139
0.2586102719033232,-0.3311178247734139
0.2537764350453171,-0.33595166163142
0.24894259818731124,-0.33595166163142
0.24410876132930515,-0.33595166163142
0.23927492447129906,-0.34078549848942585
0.23444108761329296,-0.34078549848942585
0.22960725075528687,-0.34561933534743194
0.224773413897281,-0.34561933534743194
0.2199395770392749,-0.35045317220543803
0.21510574018126882,-0.35045317220543803
0.21027190332326273,-0.3552870090634441
0.20543806646525664,-0.3552870090634441
0.20060422960725077,-0.3601208459214502
0.19577039274924468,-0.3649546827794561
0.1909365558912386,-0.3649546827794561
0.1861027190332326,-0.3697885196374622
0.18126888217522652,-0.3697885196374622
0.17643504531722054,-0.37462235649546827
0.17160120845921445,-0.37462235649546827
0.16676737160120836,-0.37945619335347436
0.16193353474320238,-0.3842900302114802
0.1570996978851963,-0.3842900302114802
0.1522658610271903,-0.3891238670694863
0.14743202416918422,-0.3891238670694863
0.14259818731117824,-0.3891238670694863
0.13776435045317215,-0.3891238670694863
0.13293051359516617,-0.3891238670694863
0.12809667673716008,-0.3891238670694863
0.12326283987915398,-0.3842900302114802
0.118429003021148,-0.3842900302114802
0.11359516616314191,-0.37945619335347436
0.10876132930513593,-0.37945619335347436
0.10392749244712984,-0.37462235649546827
0.09909365558912386,-0.37462235649546827
0.09425981873111777,-0.3697885196374622
0.08942598187311179,-0.3697885196374622
0.0845921450151057,-0.3649546827794561
0.07975830815709961,-0.3649546827794561
0.07492447129909363,-0.3601208459214502
0.07009063444108754,-0.3601208459214502
0.06525679758308156,-0.3552870090634441
0.06042296072507547,-0.3552870090634441
0.05558912386706949,-0.35045317220543803
0.0507552870090634,-0.35045317220543803
0.04592145015105731,-0.35045317220543803
0.04108761329305133,-0.34561933534743194
0.03625377643504524,-0.34561933534743194
0.03141993957703926,-0.34078549848942585
0.026586102719033167,-0.34078549848942585
0.021752265861027187,-0.33595166163142
0.016918429003021096,-0.3311178247734139
0.016918429003021096,-0.3262839879154078
0.021752265861027187,-0.3214501510574017
0.026586102719033167,-0.3214501510574017
0.03141993957703926,-0.3166163141993956
0.03625377643504524,-0.3166163141993956
0.04108761329305133,-0.31178247734138975
0.04592145015105731,-0.31178247734138975
0.0507552870090634,-0.30694864048338366
0.05558912386706949,-0.30211480362537757
0.06042296072507547,-0.30211480362537757
0.06525679758308156,-0.2972809667673715
0.07009063444108754,-0.2972809667673715
0.07492447129909363,-0.2924471299093656
0.07975830815709961,-0.2924471299093656
0.0845921450151057,-0.2876132930513595
0.08942598187311179,-0.2876132930513595
0.09425981873111777,-0.28277945619335343
0.09909365558912386,-0.28277945619335343
0.10392749244712984,-0.27794561933534734
0.10876132930513593,-0.27794561933534734
0.11359516616314191,-0.27311178247734125
0.118429003021148,-0.2682779456193354
0.12326283987915398,-0.2682779456193354
0.12809667673716008,-0.2634441087613293
0.13293051359516617,-0.2634441087613293
0.13776435045317215,-0.2586102719033232
0.14259818731117824,-0.2537764350453171
0.14743202416918422,-0.2537764350453171
0.1522658610271903,-0.2537764350453171
=
0.2876132930513595,-0.33595166163142
0.2876132930513595,-0.34078549848942585
0.2876132930513595,-0.34561933534743194
0.2876132930513595,-0.35045317220543803
0.28277945619335343,-0.3552870090634441
0.28277945619335343,-0.3601208459214502
0.28277945619335343,-0.3649546827794561
0.27794561933534734,-0.3697885196374622
0.27311178247734125,-0.37462235649546827
0.27311178247734125,-0.37945619335347436
0.2682779456193354,-0.3842900302114802
0.2634441087613293,-0.3891238670694863
0.2634441087613293,-0.3939577039274924
0.2586102719033232,-0.3987915407854985
0.2537764350453171,-0.4036253776435046
0.2537764350453171,-0.40845921450151046
0.24894259818731124,-0.41329305135951655
0.24410876132930515,-0.41812688821752264
0.24410876132930515,-0.42296072507552873
0.23927492447129906,-0.4277945619335346
0.23444108761329296,-0.4277945619335346
0.22960725075528687,-0.4277945619335346
0.224773413897281,-0.4277945619335346
0.2199395770392749,-0.4277945619335346
0.21510574018126882,-0.42296072507552873
0.21027190332326273,-0.42296072507552873
0.20543806646525664,-0.41812688821752264
0.20060422960725077,-0.41812688821752264
0.19577039274924468,-0.41812688821752264
0.1909365558912386,-0.41329305135951655
0.1861027190332326,-0.41329305135951655
0.18126888217522652,-0.40845921450151046
0.1861027190332326,-0.4036253776435046
0.1909365558912386,-0.3987915407854985
0.19577039274924468,-0.3939577039274924
0.20060422960725077,-0.3939577039274924
0.20543806646525664,-0.3891238670694863
0.21027190332326273,-0.3891238670694863
0.21510574018126882,-0.3842900302114802
0.2199395770392749,-0.3842900302114802
0.224773413897281,-0.37945619335347436
0.22960725075528687,-0.37945619335347436
0.23444108761329296,-0.37462235649546827
0.23927492447129906,-0.3697885196374622
0.24410876132930515,-0.3697885196374622
0.24894259818731124,-0.3649546827794561
0.2537764350453171,-0.3649546827794561
0.2586102719033232,-0.3601208459214502
0.2634441087613293,-0.3601208459214502
=
0.17160120845921445,-0.4422960725075529
0.17643504531722054,-0.4422960725075529
0.18126888217522652,-0.44712990936555896
0.1861027190332326,-0.44712990936555896
0.1909365558912386,-0.45196374622356483
0.19577039274924468,-0.45196374622356483
0.20060422960725077,-0.4567975830815709
0.20543806646525664,-0.4567975830815709
0.21027190332326273,-0.461631419939577
0.21027190332326273,-0.4664652567975831
0.21027190332326273,-0.471299093655589
0.21027190332326273,-0.47613293051359507
0.20543806646525664,-0.48096676737160116
0.20543806646525664,-0.48580060422960725
0.20060422960725077,-0.49063444108761334
0.19577039274924468,-0.4954682779456192
0.19577039274924468,-0.5003021148036253
0.1909365558912386,-0.5051359516616314
0.1909365558912386,-0.5099697885196375
0.1861027190332326,-0.5148036253776433
0.1861027190332326,-0.5196374622356494
0.18126888217522652,-0.5244712990936555
0.17643504531722054,-0.5293051359516616
0.17643504531722054,-0.5341389728096677
0.17160120845921445,-0.5389728096676736
0.16676737160120836,-0.5438066465256797
0.16193353474320238,-0.5486404833836858
0.1570996978851963,-0.5486404833836858
0.1522658610271903,-0.5486404833836858
0.14743202416918422,-0.5486404833836858
0.14259818731117824,-0.5438066465256797
0.13776435045317215,-0.5438066465256797
0.13293051359516617,-0.5438066465256797
0.12809667673716008,-0.5389728096676736
0.12326283987915398,-0.5389728096676736
0.118429003021148,-0.5341389728096677
0.11359516616314191,-0.5341389728096677
0.10876132930513593,-0.5293051359516616
0.10392749244712984,-0.5293051359516616
0.09909365558912386,-0.5244712990936555
0.09425981873111777,-0.5244712990936555
0.08942598187311179,-0.5196374622356494
0.0845921450151057,-0.5196374622356494
0.07975830815709961,-0.5196374622356494
0.07492447129909363,-0.5148036253776433
0.07009063444108754,-0.5148036253776433
0.06525679758308156,-0.5099697885196375
0.06042296072507547,-0.5099697885196375
0.05558912386706949,-0.5099697885196375
0.0507552870090634,-0.5051359516616314
0.04592145015105731,-0.5051359516616314
0.04108761329305133,-0.5003021148036253
0.03625377643504524,-0.5003021148036253
0.03141993957703926,-0.5003021148036253
0.026586102719033167,-0.4954682779456192
0.026586102719033167,-0.49063444108761334
0.026586102719033167,-0.48580060422960725
0.03141993957703926,-0.48096676737160116
0.03625377643504524,-0.48096676737160116
0.04108761329305133,-0.47613293051359507
0.04592145015105731,-0.47613293051359507
0.0507552870090634,-0.471299093655589
0.05558912386706949,-0.471299093655589
0.06042296072507547,-0.4664652567975831
0.06525679758308156,-0.4664652567975831
0.07009063444108754,-0.461631419939577
0.07492447129909363,-0.461631419939577
0.07975830815709961,-0.4567975830815709
0.0845921450151057,-0.4567975830815709
0.08942598187311179,-0.45196374622356483
0.09425981873111777,-0.45196374622356483
0.09909365558912386,-0.44712990936555896
0.10392749244712984,-0.4422960725075529
0.10876132930513593,-0.4422960725075529
0.11359516616314191,-0.4374622356495468
0.118429003021148,-0.4326283987915407
0.12326283987915398,-0.4326283987915407
0.12809667673716008,-0.4277945619335346
0.13293051359516617,-0.4277945619335346
0.13776435045317215,-0.4277945619335346
0.14259818731117824,-0.4277945619335346
0.14743202416918422,-0.4277945619335346
0.1522658610271903,-0.4326283987915407
0.1570996978851963,-0.4326283987915407
0.16193353474320238,-0.4374622356495468
=
0.0845921450151057,-0.3987915407854985
0.08942598187311179,-0.4036253776435046
0.09425981873111777,-0.40845921450151046
0.09425981873111777,-0.41329305135951655
0.08942598187311179,-0.41812688821752264
0.0845921450151057,-0.42296072507552873
0.07975830815709961,-0.42296072507552873
0.07492447129909363,-0.4277945619335346
0.07009063444108754,-0.4277945619335346
0.06525679758308156,-0.4326283987915407
0.06042296072507547,-0.4326283987915407
0.05558912386706949,-0.4374622356495468
0.0507552870090634,-0.4374622356495468
0.04592145015105731,-0.4422960725075529
0.04108761329305133,-0.4422960725075529
0.03625377643504524,-0.44712990936555896
0.03141993957703926,-0.44712990936555896
0.026586102719033167,-0.45196374622356483
0.021752265861027187,-0.45196374622356483
0.016918429003021096,-0.4567975830815709
0.012084592145015005,-0.461631419939577
0.007250755287009025,-0.461631419939577
0.0024169184290029344,-0.4664652567975831
-0.0024169184290030454,-0.471299093655589
-0.007250755287009136,-0.471299093655589
-0.012084592145015116,-0.471299093655589
-0.016918429003021207,-0.471299093655589
-0.021752265861027187,-0.471299093655589
-0.026586102719033278,-0.471299093655589
-0.03141993957703937,-0.471299093655589
-0.03625377643504535,-0.471299093655589
-0.04108761329305144,-0.4664652567975831
-0.04592145015105742,-0.4664652567975831
-0.05075528700906351,-0.461631419939577
-0.05558912386706949,-0.461631419939577
-0.06042296072507558,-0.4567975830815709
-0.06525679758308156,-0.4567975830815709
-0.07009063444108765,-0.45196374622356483
-0.07492447129909374,-0.45196374622356483
-0.07975830815709972,-0.44712990936555896
-0.08459214501510581,-0.44712990936555896
-0.08942598187311179,-0.4422960725075529
-0.09425981873111788,-0.4422960725075529
-0.09909365558912386,-0.4422960725075529
-0.10392749244712995,-0.4374622356495468
-0.10876132930513605,-0.4374622356495468
-0.11359516616314203,-0.4326283987915407
-0.11842900302114812,-0.4326283987915407
-0.1232628398791541,-0.4326283987915407
-0.1280966767371602,-0.4277945619335346
-0.13293051359516617,-0.4277945619335346
-0.13776435045317226,-0.42296072507552873
-0.14259818731117835,-0.41812688821752264
-0.14259818731117835,-0.41329305135951655
-0.13776435045317226,-0.40845921450151046
-0.13293051359516617,-0.40845921450151046
-0.1280966767371602,-0.4036253776435046
-0.1232628398791541,-0.3987915407854985
-0.11842900302114812,-0.3987915407854985
-0.11359516616314203,-0.3939577039274924
-0.10876132930513605,-0.3939577039274924
-0.10392749244712995,-0.3891238670694863
-0.09909365558912386,-0.3891238670694863
-0.09425981873111788,-0.3842900302114802
-0.08942598187311179,-0.3842900302114802
-0.08459214501510581,-0.37945619335347436
-0.07975830815709972,-0.37945619335347436
-0.07492447129909374,-0.37462235649546827
-0.07009063444108765,-0.37462235649546827
-0.06525679758308156,-0.3697885196374622
-0.06042296072507558,-0.3649546827794561
-0.05558912386706949,-0.3649546827794561
-0.05075528700906351,-0.3601208459214502
-0.04592145015105742,-0.3552870090634441
-0.04108761329305144,-0.3552870090634441
-0.03625377643504535,-0.35045317220543803
-0.03141993957703937,-0.35045317220543803
-0.026586102719033278,-0.35045317220543803
-0.021752265861027187,-0.35045317220543803
-0.016918429003021207,-0.3552870090634441
-0.012084592145015116,-0.3552870090634441
-0.007250755287009136,-0.3552870090634441
-0.0024169184290030454,-0.3601208459214502
0.0024169184290029344,-0.3649546827794561
0.007250755287009025,-0.3649546827794561
0.012084592145015005,-0.3697885196374622
0.016918429003021096,-0.3697885196374622
0.021752265861027187,-0.3697885196374622
0.026586102719033167,-0.37462235649546827
0.03141993957703926,-0.37462235649546827
0.03625377643504524,-0.37945619335347436
0.04108761329305133,-0.37945619335347436
0.04592145015105731,-0.3842900302114802
0.0507552870090634,-0.3842900302114802
0.05558912386706949,-0.3891238670694863
0.06042296072507547,-0.3891238670694863
0.06525679758308156,-0.3891238670694863
0.07009063444108754,-0.3939577039274924
0.07492447129909363,-0.3939577039274924
=
0.13293051359516617,-0.5921450151057401
0.12809667673716008,-0.5921450151057401
0.12326283987915398,-0.5969788519637462
0.118429003021148,-0.5969788519637462
0.11359516616314191,-0.6018126888217523
0.10876132930513593,-0.6018126888217523
0.10392749244712984,-0.6018126888217523
0.09909365558912386,-0.6066465256797582
0.09425981873111777,-0.6066465256797582
0.08942598187311179,-0.6114803625377643
0.0845921450151057,-0.6114803625377643
0.07975830815709961,-0.6163141993957704
0.07492447129909363,-0.6163141993957704
0.07009063444108754,-0.6211480362537765
0.06525679758308156,-0.6211480362537765
0.06042296072507547,-0.6259818731117823
0.05558912386706949,-0.6259818731117823
0.0507552870090634,-0.6308157099697884
0.04592145015105731,-0.6308157099697884
0.04108761329305133,-0.6356495468277945
0.03625377643504524,-0.6356495468277945
0.03141993957703926,-0.6404833836858006
0.026586102719033167,-0.6404833836858006
0.021752265861027187,-0.6404833836858006
0.016918429003021096,-0.6404833836858006
0.012084592145015005,-0.6404833836858006
0.007250755287009025,-0.6356495468277945
0.0024169184290029344,-0.6356495468277945
-0.0024169184290030454,-0.6308157099697884
-0.007250755287009136,-0.6308157099697884
-0.012084592145015116,-0.6259818731117823
-0.016918429003021207,-0.6259818731117823
-0.021752265861027187,-0.6259818731117823
-0.026586102719033278,-0.6211480362537765
-0.03141993957703937,-0.6211480362537765
-0.03625377643504535,-0.6163141993957704
-0.04108761329305144,-0.6163141993957704
-0.04592145015105742,-0.6114803625377643
-0.05075528700906351,-0.6114803625377643
-0.05558912386706949,-0.6066465256797582
-0.06042296072507558,-0.6066465256797582
-0.06525679758308156,-0.6018126888217523
-0.07009063444108765,-0.6018126888217523
-0.07492447129909374,-0.6018126888217523
-0.07975830815709972,-0.5969788519637462
-0.08459214501510581,-0.5969788519637462
-0.08942598187311179,-0.5921450151057401
-0.09425981873111788,-0.5921450151057401
-0.09909365558912386,-0.5921450151057401
-0.10392749244712995,-0.587311178247734
-0.10876132930513605,-0.587311178247734
-0.11359516616314203,-0.587311178247734
-0.11842900302114812,-0.582477341389728
-0.1232628398791541,-0.582477341389728
-0.1280966767371602,-0.5776435045317221
-0.1280966767371602,-0.572809667673716
-0.1232628398791541,-0.5679758308157099
-0.11842900302114812,-0.5631419939577038
-0.11359516616314203,-0.5583081570996979
-0.10876132930513605,-0.5583081570996979
-0.10392749244712995,-0.5534743202416919
-0.09909365558912386,-0.5534743202416919
-0.09425981873111788,-0.5486404833836858
-0.08942598187311179,-0.5486404833836858
-0.08459214501510581,-0.5438066465256797
-0.07975830815709972,-0.5438066465256797
-0.07492447129909374,-0.5389728096676736
-0.07009063444108765,-0.5389728096676736
-0.06525679758308156,-0.5341389728096677
-0.06042296072507558,-0.5293051359516616
-0.05558912386706949,-0.5293051359516616
-0.05075528700906351,-0.5244712990936555
-0.04592145015105742,-0.5244712990936555
-0.04108761329305144,-0.5196374622356494
-0.03625377643504535,-0.5148036253776433
-0.03141993957703937,-0.5148036253776433
-0.026586102719033278,-0.5148036253776433
-0.021752265861027187,-0.5099697885196375
-0.016918429003021207,-0.5099697885196375
-0.012084592145015116,-0.5099697885196375
-0.007250755287009136,-0.5148036253776433
-0.0024169184290030454,-0.5148036253776433
0.0024169184290029344,-0.5196374622356494
0.007250755287009025,-0.5196374622356494
0.012084592145015005,-0.5244712990936555
0.016918429003021096,-0.5244712990936555
0.021752265861027187,-0.5293051359516616
0.026586102719033167,-0.5293051359516616
0.03141993957703926,-0.5341389728096677
0.03625377643504524,-0.5341389728096677
0.04108761329305133,-0.5341389728096677
0.04592145015105731,-0.5389728096676736
0.0507552870090634,-0.5389728096676736
0.05558912386706949,-0.5438066465256797
0.06042296072507547,-0.5438066465256797
0.06525679758308156,-0.5486404833836858
0.07009063444108754,-0.5486404833836858
0.07492447129909363,-0.5534743202416919
0.07975830815709961,-0.5534743202416919
0.0845921450151057,-0.5534743202416919
0.08942598187311179,-0.5583081570996979
0.09425981873111777,-0.5583081570996979
0.09909365558912386,-0.5631419939577038
0.10392749244712984,-0.5631419939577038
0.10876132930513593,-0.5679758308157099
0.11359516616314191,-0.5679758308157099
0.118429003021148,-0.572809667673716
0.12326283987915398,-0.572809667673716
0.12809667673716008,-0.5776435045317221
0.13293051359516617,-0.5776435045317221
=
0.09909365558912386,-0.6356495468277945
0.09425981873111777,-0.6404833836858006
0.08942598187311179,-0.6404833836858006
0.0845921450151057,-0.6453172205438067
0.07975830815709961,-0.6453172205438067
0.07492447129909363,-0.6501510574018126
0.07009063444108754,-0.6501510574018126
0.06525679758308156,-0.6549848942598187
0.06525679758308156,-0.6598187311178247
0.07009063444108754,-0.6646525679758308
0.07492447129909363,-0.6694864048338369
0.07975830815709961,-0.6694864048338369
0.0845921450151057,-0.6694864048338369
0.08942598187311179,-0.6694864048338369
0.09425981873111777,-0.6694864048338369
0.09909365558912386,-0.6646525679758308
0.09909365558912386,-0.6598187311178247
0.10392749244712984,-0.6549848942598187
0.10876132930513593,-0.6501510574018126
0.10876132930513593,-0.6453172205438067
0.10876132930513593,-0.6404833836858006
0.11359516616314191,-0.6356495468277945
0.11359516616314191,-0.6308157099697884
0.11359516616314191,-0.6259818731117823
0.11359516616314191,-0.6211480362537765
=
0.03625377643504524,-0.683987915407855
0.04108761329305133,-0.683987915407855
0.04592145015105731,-0.683987915407855
0.0507552870090634,-0.6888217522658611
0.05558912386706949,-0.6936555891238669
0.06042296072507547,-0.698489425981873
0.06525679758308156,-0.7033232628398791
0.06525679758308156,-0.7081570996978852
0.06042296072507547,-0.7129909365558913
0.06042296072507547,-0.7178247734138972
0.05558912386706949,-0.7226586102719033
0.05558912386706949,-0.7274924471299093
0.0507552870090634,-0.7323262839879154
0.04592145015105731,-0.7371601208459213
0.04592145015105731,-0.7419939577039274
0.04108761329305133,-0.7468277945619335
0.04108761329305133,-0.7516616314199396
0.03625377643504524,-0.7564954682779457
0.03141993957703926,-0.7613293051359515
0.03141993957703926,-0.7661631419939576
0.026586102719033167,-0.7709969788519637
0.026586102719033167,-0.7758308157099698
0.021752265861027187,-0.7806646525679757
0.021752265861027187,-0.7854984894259818
0.016918429003021096,-0.7903323262839879
0.012084592145015005,-0.795166163141994
0.007250755287009025,-0.8
0.0024169184290029344,-0.8
-0.0024169184290030454,-0.8
-0.007250755287009136,-0.8
-0.012084592145015116,-0.795166163141994
-0.012084592145015116,-0.7903323262839879
-0.016918429003021207,-0.7854984894259818
-0.021752265861027187,-0.7806646525679757
-0.021752265861027187,-0.7758308157099698
-0.026586102719033278,-0.7709969788519637
-0.026586102719033278,-0.7661631419939576
-0.03141993957703937,-0.7613293051359515
-0.03625377643504535,-0.7564954682779457
-0.04108761329305144,-0.7516616314199396
-0.04108761329305144,-0.7468277945619335
-0.04592145015105742,-0.7419939577039274
-0.05075528700906351,-0.7371601208459213
-0.05075528700906351,-0.7323262839879154
-0.05558912386706949,-0.7274924471299093
-0.05558912386706949,-0.7226586102719033
-0.05075528700906351,-0.7178247734138972
-0.04592145015105742,-0.7129909365558913
-0.04108761329305144,-0.7129909365558913
-0.03625377643504535,-0.7081570996978852
-0.03141993957703937,-0.7081570996978852
-0.026586102719033278,-0.7033232628398791
-0.021752265861027187,-0.7033232628398791
-0.016918429003021207,-0.698489425981873
-0.012084592145015116,-0.698489425981873
-0.007250755287009136,-0.6936555891238669
-0.0024169184290030454,-0.6888217522658611
0.0024169184290029344,-0.6888217522658611
0.007250755287009025,-0.683987915407855
0.012084592145015005,-0.683987915407855
0.016918429003021096,-0.6791540785498489
0.021752265861027187,-0.6791540785498489
0.026586102719033167,-0.6791540785498489
=
-0.13293051359516617,-0.6066465256797582
-0.13293051359516617,-0.6114803625377643
-0.13293051359516617,-0.6163141993957704
-0.13293051359516617,-0.6211480362537765
-0.13293051359516617,-0.6259818731117823
-0.1280966767371602,-0.6308157099697884
-0.1232628398791541,-0.6356495468277945
-0.11842900302114812,-0.6404833836858006
-0.11359516616314203,-0.6453172205438067
-0.11359516616314203,-0.6501510574018126
-0.10876132930513605,-0.6549848942598187
-0.10392749244712995,-0.6598187311178247
-0.09909365558912386,-0.6646525679758308
-0.09909365558912386,-0.6694864048338369
-0.09425981873111788,-0.6743202416918428
-0.08942598187311179,-0.6791540785498489
-0.08459214501510581,-0.683987915407855
-0.07975830815709972,-0.6888217522658611
-0.07492447129909374,-0.6888217522658611
-0.07009063444108765,-0.6888217522658611
-0.06525679758308156,-0.6888217522658611
-0.06042296072507558,-0.683987915407855
-0.05558912386706949,-0.683987915407855
-0.05075528700906351,-0.6791540785498489
-0.04592145015105742,-0.6791540785498489
-0.04108761329305144,-0.6743202416918428
-0.03625377643504535,-0.6743202416918428
-0.03141993957703937,-0.6694864048338369
-0.026586102719033278,-0.6646525679758308
-0.021752265861027187,-0.6598187311178247
-0.026586102719033278,-0.6549848942598187
-0.03141993957703937,-0.6549848942598187
-0.03625377643504535,-0.6501510574018126
-0.04108761329305144,-0.6501510574018126
-0.04592145015105742,-0.6453172205438067
-0.05075528700906351,-0.6453172205438067
-0.05558912386706949,-0.6404833836858006
-0.06042296072507558,-0.6404833836858006
-0.06525679758308156,-0.6356495468277945
-0.07009063444108765,-0.6356495468277945
-0.07492447129909374,-0.6356495468277945
-0.07975830815709972,-0.6308157099697884
-0.08459214501510581,-0.6308157099697884
-0.08942598187311179,-0.6259818731117823
-0.09425981873111788,-0.6259818731117823
-0.09909365558912386,-0.6211480362537765
-0.10392749244712995,-0.6211480362537765
-0.10876132930513605,-0.6163141993957704
-0.11359516616314203,-0.6163141993957704
-0.11842900302114812,-0.6114803625377643
-0.1232628398791541,-0.6114803625377643
=
-0.18610271903323272,-0.5438066465256797
-0.18126888217522663,-0.5486404833836858
-0.17643504531722054,-0.5534743202416919
-0.17160120845921456,-0.5534743202416919
-0.16676737160120847,-0.5534743202416919
-0.1619335347432025,-0.5534743202416919
-0.1570996978851964,-0.5486404833836858
-0.15226586102719042,-0.5486404833836858
-0.14743202416918433,-0.5438066465256797
-0.14259818731117835,-0.5389728096676736
-0.13776435045317226,-0.5389728096676736
-0.13293051359516617,-0.5341389728096677
-0.1280966767371602,-0.5341389728096677
-0.1232628398791541,-0.5293051359516616
-0.11842900302114812,-0.5293051359516616
-0.11359516616314203,-0.5244712990936555
-0.10876132930513605,-0.5244712990936555
-0.10392749244712995,-0.5196374622356494
-0.09909365558912386,-0.5196374622356494
-0.09425981873111788,-0.5148036253776433
-0.08942598187311179,-0.5099697885196375
-0.08459214501510581,-0.5099697885196375
-0.07975830815709972,-0.5051359516616314
-0.07492447129909374,-0.5051359516616314
-0.07009063444108765,-0.5003021148036253
-0.06525679758308156,-0.4954682779456192
-0.06525679758308156,-0.49063444108761334
-0.07009063444108765,-0.48580060422960725
-0.07492447129909374,-0.48580060422960725
-0.07975830815709972,-0.48096676737160116
-0.08459214501510581,-0.48096676737160116
-0.08942598187311179,-0.47613293051359507
-0.09425981873111788,-0.47613293051359507
-0.09909365558912386,-0.47613293051359507
-0.10392749244712995,-0.471299093655589
-0.10876132930513605,-0.471299093655589
-0.11359516616314203,-0.4664652567975831
-0.11842900302114812,-0.4664652567975831
-0.1232628398791541,-0.461631419939577
-0.1280966767371602,-0.461631419939577
-0.13293051359516617,-0.461631419939577
-0.13776435045317226,-0.4567975830815709
-0.14259818731117835,-0.4567975830815709
-0.14743202416918433,-0.45196374622356483
-0.15226586102719042,-0.45196374622356483
-0.1570996978851964,-0.44712990936555896
-0.1619335347432025,-0.44712990936555896
-0.16676737160120847,-0.4422960725075529
-0.17160120845921456,-0.4422960725075529
-0.17643504531722054,-0.4422960725075529
-0.18126888217522663,-0.4374622356495468
-0.18610271903323272,-0.4374622356495468
-0.1909365558912387,-0.4374622356495468
-0.1957703927492448,-0.4374622356495468
-0.20060422960725077,-0.4422960725075529
-0.20543806646525686,-0.4422960725075529
-0.21027190332326284,-0.44712990936555896
-0.21510574018126893,-0.45196374622356483
-0.2199395770392749,-0.45196374622356483
-0.224773413897281,-0.4567975830815709
-0.2296072507552871,-0.461631419939577
-0.23444108761329308,-0.4664652567975831
-0.23444108761329308,-0.471299093655589
-0.2296072507552871,-0.47613293051359507
-0.2296072507552871,-0.48096676737160116
-0.224773413897281,-0.48580060422960725
-0.2199395770392749,-0.49063444108761334
-0.2199395770392749,-0.4954682779456192
-0.21510574018126893,-0.5003021148036253
-0.21027190332326284,-0.5051359516616314
-0.21027190332326284,-0.5099697885196375
-0.20543806646525686,-0.5148036253776433
-0.20060422960725077,-0.5196374622356494
-0.20060422960725077,-0.5244712990936555
-0.1957703927492448,-0.5293051359516616
-0.1909365558912387,-0.5341389728096677
=
-0.2682779456193354,-0.4326283987915407
-0.2634441087613294,-0.4326283987915407
-0.2586102719033233,-0.4374622356495468
-0.2537764350453172,-0.4374622356495468
-0.24894259818731124,-0.4374622356495468
-0.24410876132930515,-0.4326283987915407
-0.23927492447129917,-0.4326283987915407
-0.23444108761329308,-0.4277945619335346
-0.23444108761329308,-0.42296072507552873
-0.23444108761329308,-0.41812688821752264
-0.23927492447129917,-0.41329305135951655
-0.24410876132930515,-0.40845921450151046
-0.24894259818731124,-0.40845921450151046
-0.2537764350453172,-0.4036253776435046
-0.2586102719033233,-0.4036253776435046
-0.2634441087613294,-0.3987915407854985
-0.2682779456193354,-0.3987915407854985
-0.27311178247734147,-0.3987915407854985
-0.27794561933534745,-0.3939577039274924
-0.28277945619335354,-0.3939577039274924
-0.2876132930513595,-0.3987915407854985
-0.2876132930513595,-0.4036253776435046
-0.28277945619335354,-0.40845921450151046
-0.27794561933534745,-0.41329305135951655
-0.27794561933534745,-0.41812688821752264
-0.27311178247734147,-0.42296072507552873
=
0.4374622356495468,-0.10392749244712984
0.4374622356495468,-0.10876132930513593
0.4326283987915407,-0.11359516616314191
0.4326283987915407,-0.118429003021148
0.4277945619335346,-0.12326283987915398
0.4277945619335346,-0.12809667673716008
0.42296072507552873,-0.13293051359516617
0.41812688821752264,-0.13776435045317215
0.41329305135951655,-0.14259818731117824
0.41329305135951655,-0.14743202416918422
0.40845921450151046,-0.1522658610271903
0.4036253776435046,-0.1522658610271903
0.3987915407854985,-0.1522658610271903
0.3939577039274924,-0.1522658610271903
0.3891238670694863,-0.1522658610271903
0.3842900302114802,-0.14743202416918422
0.37945619335347436,-0.14743202416918422
0.37462235649546827,-0.14259818731117824
0.3697885196374622,-0.13776435045317215
0.37462235649546827,-0.13293051359516617
0.37945619335347436,-0.13293051359516617
0.3842900302114802,-0.12809667673716008
0.3891238670694863,-0.12326283987915398
0.3939577039274924,-0.12326283987915398
0.3987915407854985,-0.118429003021148
0.4036253776435046,-0.118429003021148
0.40845921450151046,-0.11359516616314191
0.41329305135951655,-0.10876132930513593
0.41812688821752264,-0.10876132930513593
=
0.6066465256797582,0.17643504531722054
0.6018126888217523,0.17643504531722054
0.5969788519637462,0.17643504531722054
0.5921450151057401,0.17643504531722054
0.587311178247734,0.17643504531722054
0.582477341389728,0.17643504531722054
0.5776435045317221,0.17643504531722054
0.572809667673716,0.17160120845921456
0.5679758308157099,0.17160120845921456
0.5631419939577038,0.16676737160120847
0.5583081570996979,0.16676737160120847
0.5534743202416919,0.1619335347432025
0.5534743202416919,0.1570996978851964
0.5486404833836858,0.15226586102719042
0.5438066465256797,0.14743202416918433
0.5389728096676736,0.14259818731117835
0.5341389728096677,0.13776435045317226
0.5293051359516616,0.13293051359516617
0.5244712990936555,0.1280966767371602
0.5196374622356494,0.1280966767371602
0.5148036253776433,0.1232628398791541
0.5099697885196375,0.1232628398791541
0.5051359516616314,0.11842900302114812
0.5003021148036253,0.11842900302114812
0.4954682779456192,0.11359516616314203
0.49063444108761334,0.11359516616314203
0.48580060422960725,0.10876132930513605
0.48096676737160116,0.10876132930513605
0.47613293051359507,0.10392749244712995
0.471299093655589,0.09909365558912386
0.4664652567975831,0.09909365558912386
0.461631419939577,0.09425981873111788
0.4567975830815709,0.09425981873111788
0.45196374622356483,0.08942598187311179
0.44712990936555896,0.08942598187311179
0.4422960725075529,0.08459214501510581
0.4374622356495468,0.08459214501510581
0.4326283987915407,0.07975830815709972
0.4277945619335346,0.07975830815709972
0.42296072507552873,0.07492447129909374
0.41812688821752264,0.07492447129909374
0.41329305135951655,0.07009063444108765
0.40845921450151046,0.07009063444108765
0.4036253776435046,0.06525679758308156
0.3987915407854985,0.06525679758308156
0.3939577039274924,0.06042296072507558
0.3891238670694863,0.06042296072507558
0.3842900302114802,0.05558912386706949
0.37945619335347436,0.05558912386706949
0.37462235649546827,0.05075528700906351
0.3697885196374622,0.04592145015105742
0.3697885196374622,0.04108761329305144
0.37462235649546827,0.03625377643504535
0.37945619335347436,0.03141993957703937
0.3842900302114802,0.03141993957703937
0.3891238670694863,0.026586102719033278
0.3939577039274924,0.026586102719033278
0.3987915407854985,0.021752265861027187
0.4036253776435046,0.021752265861027187
0.40845921450151046,0.016918429003021207
0.41329305135951655,0.016918429003021207
0.41812688821752264,0.016918429003021207
0.42296072507552873,0.012084592145015116
0.4277945619335346,0.012084592145015116
0.4326283987915407,0.007250755287009136
0.4374622356495468,0.007250755287009136
0.4422960725075529,0.0024169184290030454
0.44712990936555896,0.0024169184290030454
0.45196374622356483,-0.0024169184290029344
0.4567975830815709,-0.0024169184290029344
0.461631419939577,-0.007250755287009025
0.4664652567975831,-0.007250755287009025
0.471299093655589,-0.012084592145015005
0.47613293051359507,-0.012084592145015005
0.48096676737160116,-0.012084592145015005
0.48580060422960725,-0.012084592145015005
0.49063444108761334,-0.012084592145015005
0.4954682779456192,-0.012084592145015005
0.5003021148036253,-0.007250755287009025
0.5003021148036253,-0.0024169184290029344
0.5051359516616314,0.0024169184290030454
0.5099697885196375,0.007250755287009136
0.5099697885196375,0.012084592145015116
0.5148036253776433,0.016918429003021207
0.5148036253776433,0.021752265861027187
0.5196374622356494,0.026586102719033278
0.5244712990936555,0.03141993957703937
0.5244712990936555,0.03625377643504535
0.5293051359516616,0.04108761329305144
0.5293051359516616,0.04592145015105742
0.5341389728096677,0.05075528700906351
0.5389728096676736,0.05558912386706949
0.5389728096676736,0.06042296072507558
0.5438066465256797,0.06525679758308156
0.5486404833836858,0.07009063444108765
0.5486404833836858,0.07492447129909374
0.5534743202416919,0.07975830815709972
0.5583081570996979,0.08459214501510581
0.5583081570996979,0.08942598187311179
0.5631419939577038,0.09425981873111788
0.5679758308157099,0.09909365558912386
0.5679758308157099,0.10392749244712995
0.572809667673716,0.10876132930513605
0.572809667673716,0.11359516616314203
0.5776435045317221,0.11842900302114812
0.582477341389728,0.1232628398791541
0.582477341389728,0.1280966767371602
0.587311178247734,0.13293051359516617
0.5921450151057401,0.13776435045317226
0.5921450151057401,0.14259818731117835
0.5969788519637462,0.14743202416918433
0.6018126888217523,0.15226586102719042
0.6018126888217523,0.1570996978851964
0.6066465256797582,0.1619335347432025
0.6066465256797582,0.16676737160120847
=
0.4567975830815709,0.14743202416918433
0.4567975830815709,0.14259818731117835
0.461631419939577,0.13776435045317226
0.4567975830815709,0.13293051359516617
0.45196374622356483,0.1280966767371602
0.44712990936555896,0.1232628398791541
0.4422960725075529,0.11842900302114812
0.4374622356495468,0.11842900302114812
0.4326283987915407,0.11359516616314203
0.4277945619335346,0.11359516616314203
0.42296072507552873,0.10876132930513605
0.41812688821752264,0.10876132930513605
0.41329305135951655,0.10392749244712995
0.40845921450151046,0.10392749244712995
0.4036253776435046,0.09909365558912386
0.3987915407854985,0.09909365558912386
0.3939577039274924,0.09425981873111788
0.3891238670694863,0.09425981873111788
0.3842900302114802,0.08942598187311179
0.37945619335347436,0.08942598187311179
0.37462235649546827,0.08459214501510581
0.3697885196374622,0.08459214501510581
0.3649546827794561,0.07975830815709972
0.3601208459214502,0.07975830815709972
0.3552870090634441,0.07492447129909374
0.35045317220543803,0.07009063444108765
0.34561933534743194,0.07009063444108765
0.34078549848942585,0.06525679758308156
0.33595166163142,0.06525679758308156
0.3311178247734139,0.06042296072507558
0.3262839879154078,0.06042296072507558
0.3214501510574017,0.06042296072507558
0.3166163141993956,0.06525679758308156
0.31178247734138975,0.06525679758308156
0.30694864048338366,0.07009063444108765
0.30694864048338366,0.07492447129909374
0.30694864048338366,0.07975830815709972
0.30694864048338366,0.08459214501510581
0.30694864048338366,0.08942598187311179
0.30694864048338366,0.09425981873111788
0.30694864048338366,0.09909365558912386
0.30694864048338366,0.10392749244712995
0.30694864048338366,0.10876132930513605
0.30694864048338366,0.11359516616314203
0.30694864048338366,0.11842900302114812
0.30694864048338366,0.1232628398791541
0.30694864048338366,0.1280966767371602
0.30694864048338366,0.13293051359516617
0.30694864048338366,0.13776435045317226
0.31178247734138975,0.14259818731117835
0.31178247734138975,0.14743202416918433
0.3166163141993956,0.15226586102719042
0.3214501510574017,0.1570996978851964
0.3262839879154078,0.1570996978851964
0.3311178247734139,0.1619335347432025
0.33595166163142,0.1619335347432025
0.34078549848942585,0.1619335347432025
0.34561933534743194,0.16676737160120847
0.35045317220543803,0.16676737160120847
0.3552870090634441,0.16676737160120847
0.3601208459214502,0.17160120845921456
0.3649546827794561,0.17160120845921456
0.3697885196374622,0.17160120845921456
0.37462235649546827,0.17160120845921456
0.37945619335347436,0.17643504531722054
0.3842900302114802,0.17643504531722054
0.3891238670694863,0.17643504531722054
0.3939577039274924,0.17643504531722054
0.3987915407854985,0.17643504531722054
0.4036253776435046,0.17643504531722054
0.40845921450151046,0.17643504531722054
0.41329305135951655,0.17643504531722054
0.41812688821752264,0.17643504531722054
0.42296072507552873,0.17160120845921456
0.4277945619335346,0.17160120845921456
0.4326283987915407,0.16676737160120847
0.4374622356495468,0.1619335347432025
0.4422960725075529,0.1570996978851964
0.44712990936555896,0.15226586102719042
=
0.0845921450151057,0.18126888217522663
0.08942598187311179,0.17643504531722054
0.08942598187311179,0.17160120845921456
0.08942598187311179,0.16676737160120847
0.09425981873111777,0.1619335347432025
0.09909365558912386,0.1570996978851964
0.10392749244712984,0.1570996978851964
0.10876132930513593,0.15226586102719042
0.11359516616314191,0.15226586102719042
0.118429003021148,0.15226586102719042
0.12326283987915398,0.14743202416918433
0.12809667673716008,0.14743202416918433
0.13293051359516617,0.14259818731117835
0.13776435045317215,0.13776435045317226
0.14259818731117824,0.13776435045317226
0.14743202416918422,0.13776435045317226
0.1522658610271903,0.13776435045317226
0.1570996978851963,0.14259818731117835
0.1570996978851963,0.14743202416918433
0.1570996978851963,0.15226586102719042
0.1570996978851963,0.1570996978851964
0.1522658610271903,0.1619335347432025
0.14743202416918422,0.1619335347432025
0.14259818731117824,0.16676737160120847
0.13776435045317215,0.16676737160120847
0.13293051359516617,0.17160120845921456
0.12809667673716008,0.17160120845921456
0.12326283987915398,0.17160120845921456
0.118429003021148,0.17160120845921456
0.11359516616314191,0.17160120845921456
0.10876132930513593,0.17160120845921456
0.10392749244712984,0.17160120845921456
=
-0.2924471299093656,0.09909365558912386
-0.2876132930513595,0.09909365558912386
-0.28277945619335354,0.10392749244712995
-0.27794561933534745,0.10392749244712995
-0.27311178247734147,0.10876132930513605
-0.2682779456193354,0.11359516616314203
-0.2682779456193354,0.11842900302114812
-0.2682779456193354,0.1232628398791541
-0.2682779456193354,0.1280966767371602
-0.2682779456193354,0.13293051359516617
-0.2682779456193354,0.13776435045317226
-0.2682779456193354,0.14259818731117835
-0.27311178247734147,0.14743202416918433
-0.27311178247734147,0.15226586102719042
-0.27311178247734147,0.1570996978851964
-0.27794561933534745,0.1619335347432025
-0.28277945619335354,0.1619335347432025
-0.2876132930513595,0.16676737160120847
-0.2924471299093656,0.16676737160120847
-0.2972809667673717,0.16676737160120847
-0.3021148036253777,0.16676737160120847
-0.3069486404833837,0.16676737160120847
-0.31178247734138975,0.16676737160120847
-0.31661631419939584,0.1619335347432025
-0.3214501510574019,0.1570996978851964
-0.3262839879154079,0.15226586102719042
-0.3262839879154079,0.14743202416918433
-0.3262839879154079,0.14259818731117835
-0.3262839879154079,0.13776435045317226
-0.3214501510574019,0.13293051359516617
-0.3214501510574019,0.1280966767371602
-0.3214501510574019,0.1232628398791541
-0.31661631419939584,0.11842900302114812
-0.31661631419939584,0.11359516616314203
-0.31661631419939584,0.10876132930513605
-0.31661631419939584,0.10392749244712995
-0.31178247734138975,0.09909365558912386
-0.3069486404833837,0.09425981873111788
-0.3021148036253777,0.09425981873111788
